open-xchange-calendar (6.18.0.0-13) unstable; urgency=low

  * build for public ptf 2011-04-13

 -- Carsten Hoeger <choeger@open-xchange.com>  Tue, 12 Apr 2011 12:46:18 +0000

open-xchange-calendar (6.18.0.0-12) unstable; urgency=low

  * second build for public ptf 2010-11-26

 -- Carsten Hoeger <choeger@open-xchange.com>  Fri, 10 Dec 2010 15:18:50 +0100

open-xchange-calendar (6.18.0.0-11) unstable; urgency=low

  * build for public ptf 2010-11-26

 -- Carsten Hoeger <choeger@open-xchange.com>  Fri, 26 Nov 2010 15:44:32 +0100

open-xchange-calendar (6.18.0.0-10) unstable; urgency=low

  * Public PTF 2010-09-17

 -- Benjamin Otterbach <benjamin.otterbach@open-xchange.com>  Tue, 14 Sep 2010 16:15:43 +0200

open-xchange-calendar (6.18.0.0-9) unstable; urgency=low

  * Public PTF 2010-09-27

 -- Benjamin Otterbach <benjamin.otterbach@open-xchange.com>  Tue, 14 Sep 2010 15:28:05 +0200

open-xchange-calendar (6.18.0.0-8) unstable; urgency=low

  * build for public ptf 2010-09-08

 -- Carsten Hoeger <choeger@open-xchange.com>  Mon,  6 Sep 2010 13:18:24 +0200

open-xchange-calendar (6.18.0.0-7) unstable; urgency=low

  * first build for 6.18-rev7

 -- Carsten Hoeger <choeger@open-xchange.com>  Wed, 25 Aug 2010 14:24:11 +0200

open-xchange-calendar (6.18.0.0-6) unstable; urgency=low

  * first build for 6.18-rev6

 -- Carsten Hoeger <choeger@open-xchange.com>  Thu, 19 Aug 2010 16:59:11 +0200

open-xchange-calendar (6.18.0.0-5) unstable; urgency=low

  * first build for 6.18-rev5

 -- Carsten Hoeger <choeger@open-xchange.com>  Wed, 18 Aug 2010 14:16:20 +0200

open-xchange-calendar (6.18.0.0-4) unstable; urgency=low

  * first build for 6.18-rev4

 -- Carsten Hoeger <choeger@open-xchange.com>  Thu, 12 Aug 2010 14:05:41 +0200

open-xchange-calendar (6.18.0.0-3) unstable; urgency=low

  * first build for 6.18-rev3

 -- Carsten Hoeger <choeger@open-xchange.com>  Wed,  4 Aug 2010 13:39:14 +0200

open-xchange-calendar (6.18.0.0-2) unstable; urgency=low

  * first build for 6.18-rev2

 -- Carsten Hoeger <choeger@open-xchange.com>  Fri, 30 Jul 2010 11:24:42 +0200

open-xchange-calendar (6.18.0.0-1) unstable; urgency=low

  * first build for 6.18-rev1

 -- Carsten Hoeger <choeger@open-xchange.com>  Wed, 28 Jul 2010 15:52:13 +0200

open-xchange-calendar (6.17.0.0-14) unstable; urgency=low

  * first build for 6.17-rev14

 -- Carsten Hoeger <choeger@open-xchange.com>  Tue, 27 Jul 2010 16:39:59 +0200

open-xchange-calendar (6.17.0.0-13) unstable; urgency=low

  * first build for 6.17-rev13

 -- Carsten Hoeger <choeger@open-xchange.com>  Tue, 27 Jul 2010 09:25:08 +0200

open-xchange-calendar (6.17.0.0-12) unstable; urgency=low

  * first build for 6.17-rev12

 -- Carsten Hoeger <choeger@open-xchange.com>  Wed, 14 Jul 2010 15:17:26 +0200

open-xchange-calendar (6.17.0.0-11) unstable; urgency=low

  * first build for 6.17-rev11

 -- Carsten Hoeger <choeger@open-xchange.com>  Wed,  7 Jul 2010 14:15:31 +0200

open-xchange-calendar (6.17.0.0-10) unstable; urgency=low

  * first build for 6.17-rev10

 -- Carsten Hoeger <choeger@open-xchange.com>  Wed, 30 Jun 2010 15:17:50 +0200

open-xchange-calendar (6.17.0.0-9) unstable; urgency=low

  * first build for 6.17-rev9

 -- Carsten Hoeger <choeger@open-xchange.com>  Thu, 24 Jun 2010 14:19:27 +0200

open-xchange-calendar (6.17.0.0-8) unstable; urgency=low

  * first build for 6.17-rev8

 -- Carsten Hoeger <choeger@open-xchange.com>  Wed, 16 Jun 2010 14:06:06 +0200

open-xchange-calendar (6.17.0.0-7) unstable; urgency=low

  * first build for 6.17-rev7

 -- Carsten Hoeger <choeger@open-xchange.com>  Wed,  9 Jun 2010 14:24:15 +0200

open-xchange-calendar (6.17.0.0-6) unstable; urgency=low

  * First build for 6.17 Rev6

 -- Benjamin Otterbach <benjamin.otterbach@open-xchange.com>  Wed,  2 Jun 2010 03:07:37 +0200

open-xchange-calendar (6.17.0.0-5) unstable; urgency=low

  * First build for 6.17 Rev5

 -- Benjamin Otterbach <benjamin.otterbach@open-xchange.com>  Wed, 19 May 2010 14:27:07 +0200

open-xchange-calendar (6.17.0.0-4) unstable; urgency=low

  * First build for 6.17 Rev4

 -- Benjamin Otterbach <benjamin.otterbach@open-xchange.com>  Wed, 12 May 2010 15:35:18 +0200

open-xchange-calendar (6.17.0.0-3) unstable; urgency=low

  * first build for 6.17-rev3

 -- Carsten Hoeger <choeger@open-xchange.com>  Wed,  5 May 2010 14:13:02 +0200

open-xchange-calendar (6.17.0.0-2) unstable; urgency=low

  * first build for 6.17-rev2

 -- Carsten Hoeger <choeger@open-xchange.com>  Wed, 21 Apr 2010 14:36:22 +0200

open-xchange-calendar (6.17.0.0-1) unstable; urgency=low

  * first build for 6.17-rev1

 -- Carsten Hoeger <choeger@open-xchange.com>  Wed,  7 Apr 2010 14:26:50 +0200

open-xchange-calendar (6.17.0.0-0) unstable; urgency=low

  * new unstable cycle

 -- Carsten Hoeger <choeger@open-xchange.com>  Fri, 12 Mar 2010 10:56:13 +0100

open-xchange-calendar (6.16.0.0-3) unstable; urgency=low

  * first build for 6.16-rev3

 -- Carsten Hoeger <choeger@open-xchange.com>  Wed, 10 Mar 2010 16:53:22 +0100

open-xchange-calendar (6.16.0.0-2) unstable; urgency=low

  * first build for 6.16-rev2

 -- Carsten Hoeger <choeger@open-xchange.com>  Mon,  8 Mar 2010 16:24:24 +0100

open-xchange-calendar (6.16.0.0-1) unstable; urgency=low

  * first build for 6.16-rev1

 -- Carsten Hoeger <choeger@open-xchange.com>  Wed,  3 Mar 2010 12:44:52 +0100

open-xchange-calendar (6.15.0.0-7) unstable; urgency=low

  * first build for 6.15-rev7

 -- Carsten Hoeger <choeger@open-xchange.com>  Fri, 26 Feb 2010 12:07:05 +0100

open-xchange-calendar (6.15.0.0-6) unstable; urgency=low

  * second build for 6.15-rev6

 -- Carsten Hoeger <choeger@open-xchange.com>  Fri, 26 Feb 2010 10:15:59 +0100

open-xchange-calendar (6.15.0.0-5) unstable; urgency=low

  * first build for 6.15-rev6

 -- Carsten Hoeger <choeger@open-xchange.com>  Wed, 24 Feb 2010 14:08:52 +0100

open-xchange-calendar (6.15.0.0-4) unstable; urgency=low

  * first build for 6.15-rev5

 -- Carsten Hoeger <choeger@open-xchange.com>  Wed, 17 Feb 2010 14:48:03 +0100

open-xchange-calendar (6.15.0.0-3) unstable; urgency=low

  * first build for 6.15-rev4

 -- Carsten Hoeger <choeger@open-xchange.com>  Wed, 10 Feb 2010 16:35:54 +0100

open-xchange-calendar (6.15.0.0-2) unstable; urgency=low

  * first build for 6.15-rev3

 -- Carsten Hoeger <choeger@open-xchange.com>  Wed, 27 Jan 2010 14:54:41 +0100

open-xchange-calendar (6.15.0.0-1) unstable; urgency=low

  * first build for 6.15-rev2

 -- Carsten Hoeger <choeger@open-xchange.com>  Wed, 13 Jan 2010 15:15:31 +0100

open-xchange-calendar (6.15.0.0-0) unstable; urgency=low

  * new unstable cycle 6.15

 -- Carsten Hoeger <choeger@open-xchange.com>  Thu, 19 Nov 2009 11:19:02 +0100

open-xchange-calendar (6.14.0.0-2) unstable; urgency=low

  * build for 6.14 rev2

 -- Carsten Hoeger <choeger@open-xchange.com>  Wed, 18 Nov 2009 14:53:35 +0100

open-xchange-calendar (6.14.0.0-1) unstable; urgency=low

  * build for 6.14 rev1

 -- Carsten Hoeger <choeger@open-xchange.com>  Fri, 13 Nov 2009 15:07:13 +0100

open-xchange-calendar (6.13.0.0-4) unstable; urgency=low

  * build for 6.13 rev5

 -- Carsten Hoeger <choeger@open-xchange.com>  Wed,  4 Nov 2009 14:27:09 +0100

open-xchange-calendar (6.13.0.0-3) unstable; urgency=low

  * build for 6.13 rev3

 -- Carsten Hoeger <choeger@open-xchange.com>  Wed, 21 Oct 2009 15:30:31 +0200

open-xchange-calendar (6.13.0.0-2) unstable; urgency=low

  * build for 6.13 rev2

 -- Carsten Hoeger <choeger@open-xchange.com>  Wed,  7 Oct 2009 14:51:57 +0200

open-xchange-calendar (6.13.0.0-1) unstable; urgency=low

  * First build for 6.13 Rev1

 -- Benjamin Otterbach <benjamin.otterbach@open-xchange.com>  Wed, 23 Sep 2009 14:59:27 +0200

open-xchange-calendar (6.13.0.0-0) unstable; urgency=low

  * 6.13 unstable cycle

 -- Carsten Hoeger <choeger@open-xchange.com>  Mon,  7 Sep 2009 13:21:31 +0200

open-xchange-calendar (6.12.0.0-1) unstable; urgency=low

  * first build for 6.12 Rev1

 -- Carsten Hoeger <choeger@open-xchange.com>  Fri,  4 Sep 2009 09:59:30 +0200

open-xchange-calendar (6.11.0.0-7) unstable; urgency=low

  * first build for 6.11 Rev7

 -- Carsten Hoeger <choeger@open-xchange.com>  Mon, 31 Aug 2009 16:12:20 +0200

open-xchange-calendar (6.11.0.0-6) unstable; urgency=low

  * First build for 6.11 Rev5

 -- Benjamin Otterbach <benjamin.otterbach@open-xchange.com>  Thu, 27 Aug 2009 18:26:36 +0200

open-xchange-calendar (6.11.0.0-5) unstable; urgency=low

  * First build for 6.11 Rev4

 -- Benjamin Otterbach <benjamin.otterbach@open-xchange.com>  Thu, 27 Aug 2009 18:20:31 +0200

open-xchange-calendar (6.11.0.0-4) unstable; urgency=low

  * first build for 6.11 Rev4

 -- Benjamin Otterbach <benjamin.otterbach@open-xchange.com>  Wed, 26 Aug 2009 14:15:49 +0200

open-xchange-calendar (6.11.0.0-3) unstable; urgency=low

  * internal build

 -- Carsten Hoeger <choeger@open-xchange.com>  Wed, 19 Aug 2009 17:03:35 +0200

open-xchange-calendar (6.11.0.0-2) unstable; urgency=low

  * internal build

 -- Carsten Hoeger <choeger@open-xchange.com>  Wed, 19 Aug 2009 17:00:56 +0200

open-xchange-calendar (6.11.0.0-1) unstable; urgency=low

  * first build for 6.11 Rev2

 -- Carsten Hoeger <choeger@open-xchange.com>  Wed, 12 Aug 2009 16:03:23 +0200

open-xchange-calendar (6.11.0.0-0) unstable; urgency=low

  * prepare for unstable

 -- Carsten Hoeger <choeger@open-xchange.com>  Fri,  3 Jul 2009 16:04:13 +0200

open-xchange-calendar (6.10.0.0-1) unstable; urgency=low

  * first build for 6.10 RC1

 -- Carsten Hoeger <choeger@open-xchange.com>  Thu,  2 Jul 2009 11:07:04 +0200

open-xchange-calendar (6.10.0.0-0) unstable; urgency=low

  * first build for 6.10 RC1

 -- Carsten Hoeger <choeger@open-xchange.com>  Thu,  2 Jul 2009 10:15:52 +0200

open-xchange-calendar (6.9.0.0-0) unstable; urgency=low

  * initial version.

 -- Marcus Klein <marcus.klein@open-xchange.com>  Tue,  7 Apr 2009 16:23:44 +0200
