open-xchange-monitoring (6.6.0-14) unstable; urgency=low

  * build for ptf 2009-03-06_2009020410000187

 -- Carsten Hoeger <choeger@open-xchange.com>  Wed,  4 Mar 2009 16:57:56 +0100

open-xchange-monitoring (6.6.0-13) unstable; urgency=low

  * first build for Update1

 -- Carsten Hoeger <choeger@open-xchange.com>  Fri, 28 Nov 2008 16:37:09 +0100

open-xchange-monitoring (6.6.0-12) unstable; urgency=low

  * first build for ptf 20081117

 -- Carsten Hoeger <choeger@open-xchange.com>  Mon, 17 Nov 2008 17:27:02 +0100

open-xchange-monitoring (6.6.0-11) unstable; urgency=low

  * first build for 20081114

 -- Carsten Hoeger <choeger@open-xchange.com>  Fri, 14 Nov 2008 14:43:56 +0100

open-xchange-monitoring (6.6.0-10) unstable; urgency=low

  * first build for RC10

 -- Carsten Hoeger <choeger@open-xchange.com>  Fri, 26 Sep 2008 11:24:03 +0200

open-xchange-monitoring (6.6.0-9) unstable; urgency=low

  * build for PTF 20080919

 -- Marcus Klein <marcus.klein@open-xchange.com>  Sun, 21 Sep 2008 19:31:24 +0200

open-xchange-monitoring (6.6.0-8) unstable; urgency=low

  * first build for RC9

 -- Carsten Hoeger <choeger@open-xchange.com>  Mon, 15 Sep 2008 17:36:26 +0200

open-xchange-monitoring (6.6.0-7) unstable; urgency=low

  * build for PTF 20080911

 -- Carsten Hoeger <choeger@open-xchange.com>  Fri, 12 Sep 2008 12:29:54 +0200

open-xchange-monitoring (6.6.0-6) unstable; urgency=low

  * first build for RC8

 -- Carsten Hoeger <choeger@open-xchange.com>  Wed,  3 Sep 2008 16:53:27 +0200

open-xchange-monitoring (6.6.0-5) unstable; urgency=low

  * first build for RC7

 -- Carsten Hoeger <choeger@open-xchange.com>  Mon, 25 Aug 2008 15:46:26 +0200

open-xchange-monitoring (6.6.0-4) unstable; urgency=low

  * first build for RC6

 -- Carsten Hoeger <choeger@open-xchange.com>  Thu, 21 Aug 2008 14:31:28 +0200

open-xchange-monitoring (6.6.0-3) unstable; urgency=low

  * first build for RC5

 -- Carsten Hoeger <choeger@open-xchange.com>  Tue, 19 Aug 2008 12:06:57 +0200

open-xchange-monitoring (6.6.0-2) unstable; urgency=low

  * first build for RC4

 -- Carsten Hoeger <choeger@open-xchange.com>  Thu, 14 Aug 2008 14:26:26 +0200

open-xchange-monitoring (6.6.0-1) unstable; urgency=low

  * first build for RC3

 -- Marcus Klein <marcus.klein@open-xchange.com>  Mon, 11 Aug 2008 19:50:18 +0200

open-xchange-monitoring (6.6.0-0) unstable; urgency=low

  * prepared for stable version build 6.6.x

 -- Carsten Hoeger <choeger@open-xchange.com>  Mon, 11 Aug 2008 17:46:52 +0200

open-xchange-monitoring (6.5.0-21) unstable; urgency=low

  * first build for Beta10

 -- Marcus Klein <marcus.klein@open-xchange.com>  Wed,  6 Aug 2008 17:43:02 +0200

open-xchange-monitoring (6.5.0-20) unstable; urgency=low

  * first build for Beta9

 -- Marcus Klein <marcus.klein@open-xchange.com>  Tue, 29 Jul 2008 13:14:26 +0200

open-xchange-monitoring (6.5.0-19) unstable; urgency=low

  * first build for Beta8

 -- Carsten Hoeger <choeger@open-xchange.com>  Mon, 14 Jul 2008 11:44:26 +0200

open-xchange-monitoring (6.5.0-18) unstable; urgency=low

  * first build for Beta7

 -- Carsten Hoeger <choeger@open-xchange.com>  Thu, 10 Jul 2008 12:07:35 +0200

open-xchange-monitoring (6.5.0-17) unstable; urgency=low

  * second build for Beta6

 -- Carsten Hoeger <choeger@open-xchange.com>  Wed,  9 Jul 2008 15:35:29 +0200

open-xchange-monitoring (6.5.0-16) unstable; urgency=low

  * first build for Beta6

 -- Carsten Hoeger <choeger@open-xchange.com>  Tue,  8 Jul 2008 16:17:32 +0200

open-xchange-monitoring (6.5.0-15) unstable; urgency=low

  * third build for Beta5

 -- Carsten Hoeger <choeger@open-xchange.com>  Fri,  4 Jul 2008 15:54:25 +0200

open-xchange-monitoring (6.5.0-14) unstable; urgency=low

  * second build for Beta5

 -- Carsten Hoeger <choeger@open-xchange.com>  Thu,  3 Jul 2008 17:46:08 +0200

open-xchange-monitoring (6.5.0-13) unstable; urgency=low

  * first build for Beta5

 -- Carsten Hoeger <choeger@open-xchange.com>  Thu,  3 Jul 2008 12:15:35 +0200

open-xchange-monitoring (6.5.0-12) unstable; urgency=low

  * first build for Beta4

 -- Carsten Hoeger <choeger@open-xchange.com>  Wed, 25 Jun 2008 14:00:19 +0200

open-xchange-monitoring (6.5.0-11) unstable; urgency=low

  * first build for Beta3

 -- Carsten Hoeger <choeger@open-xchange.com>  Tue, 24 Jun 2008 17:09:45 +0200

open-xchange-monitoring (6.5.0-10) unstable; urgency=low

  * first build for Beta2

 -- Carsten Hoeger <choeger@open-xchange.com>  Wed, 18 Jun 2008 17:40:20 +0200

open-xchange-monitoring (6.5.0-9) unstable; urgency=low

  * second build for Beta1

 -- Carsten Hoeger <choeger@open-xchange.com>  Thu,  5 Jun 2008 10:24:31 +0200

open-xchange-monitoring (6.5.0-8) unstable; urgency=low

  * first build for Beta1

 -- Carsten Hoeger <choeger@open-xchange.com>  Wed,  4 Jun 2008 11:28:18 +0200

open-xchange-monitoring (6.5.0-7) unstable; urgency=low

  * Seventh internal Beta.

 -- Marcus Klein <marcus.klein@open-xchange.com>  Mon,  5 May 2008 08:11:19 +0200

open-xchange-monitoring (6.5.0-6) unstable; urgency=low

  * Sixth internal Beta.

 -- Marcus Klein <marcus.klein@open-xchange.com>  Wed, 23 Apr 2008 16:55:06 +0200

open-xchange-monitoring (6.5.0-5) unstable; urgency=low

  * Fifth internal Beta.

 -- Carsten Hoeger <choeger@open-xchange.com>  Wed,  9 Apr 2008 10:33:48 +0200

open-xchange-monitoring (6.5.0-4) unstable; urgency=low

  * Fourth internal beta.

 -- Marcus Klein <marcus.klein@open-xchange.com>  Mon, 17 Mar 2008 16:02:02 +0100

open-xchange-monitoring (6.5.0-3) unstable; urgency=low

  * Third internal beta.

 -- Marcus Klein <marcus.klein@open-xchange.com>  Mon, 18 Feb 2008 10:53:07 +0100

open-xchange-monitoring (6.5.0-2) unstable; urgency=low

  * Second internal beta.

 -- Marcus Klein <marcus.klein@open-xchange.com>  Fri,  8 Feb 2008 16:32:13 +0100

open-xchange-monitoring (6.5.0-1) unstable; urgency=low

  * First internal beta.

 -- Marcus Klein <marcus.klein@open-xchange.com>  Mon, 26 Nov 2007 09:39:03 +0100
