open-xchange-management (6.18.2.0-26) unstable; urgency=low

  * build for public ptf 2011-03-31

 -- Carsten Hoeger <choeger@open-xchange.com>  Wed, 30 Mar 2011 14:43:54 +0000

open-xchange-management (6.18.2.0-25) unstable; urgency=low

  * build for public ptf 2011-03-25

 -- Carsten Hoeger <choeger@open-xchange.com>  Fri, 25 Mar 2011 08:21:18 +0000

open-xchange-management (6.18.2.0-24) unstable; urgency=low

  * build for public ptf 2011-03-11

 -- Carsten Hoeger <choeger@open-xchange.com>  Wed, 09 Mar 2011 09:32:42 +0000

open-xchange-management (6.18.2.0-23) unstable; urgency=low

  * second build for public ptf 2011-03-02

 -- Carsten Hoeger <choeger@open-xchange.com>  Wed, 02 Mar 2011 15:05:52 +0000

open-xchange-management (6.18.2.0-22) unstable; urgency=low

  * build for public ptf 2011-03-02

 -- Carsten Hoeger <choeger@open-xchange.com>  Mon, 28 Feb 2011 10:21:54 +0000

open-xchange-management (6.18.2.0-21) unstable; urgency=low

  * second build for public ptf 2011-02-15

 -- Carsten Hoeger <choeger@open-xchange.com>  Thu, 17 Feb 2011 15:33:41 +0000

open-xchange-management (6.18.2.0-20) unstable; urgency=low

  * build for public ptf 2011-02-15

 -- Carsten Hoeger <choeger@open-xchange.com>  Tue, 15 Feb 2011 11:59:56 +0000

open-xchange-management (6.18.2.0-19) unstable; urgency=low

  * build for public ptf 2011-02-14

 -- Carsten Hoeger <choeger@open-xchange.com>  Fri, 11 Feb 2011 10:26:41 +0000

open-xchange-management (6.18.2.0-18) unstable; urgency=low

  * second build for public ptf 2011-01-26

 -- Carsten Hoeger <choeger@open-xchange.com>  Thu, 03 Feb 2011 12:24:36 +0000

open-xchange-management (6.18.2.0-17) unstable; urgency=low

  * build for public ptf 2011-01-26

 -- Carsten Hoeger <choeger@open-xchange.com>  Fri, 21 Jan 2011 15:08:26 +0100

open-xchange-management (6.18.2.0-16) unstable; urgency=low

  * second build for public ptf 2011-01-12

 -- Carsten Hoeger <choeger@open-xchange.com>  Tue, 18 Jan 2011 16:41:02 +0100

open-xchange-management (6.18.2.0-15) unstable; urgency=low

  * build for public ptf 2011-01-12

 -- Carsten Hoeger <choeger@open-xchange.com>  Mon, 10 Jan 2011 15:49:43 +0100

open-xchange-management (6.18.2.0-14) unstable; urgency=low

  * Build for 6.18.2 Rev14

 -- Wolfgang Rosenauer <wolfgang.rosenauer@open-xchange.com>  Wed, 22 Dec 2010 13:25:45 +0100

open-xchange-management (6.18.2.0-13) unstable; urgency=low

  * Build for 6.18.2 Rev13

 -- Wolfgang Rosenauer <wolfgang.rosenauer@open-xchange.com>  Tue, 21 Dec 2010 16:49:36 +0100

open-xchange-management (6.18.2.0-12) unstable; urgency=low

  * Build for 6.18.2 Rev12

 -- Wolfgang Rosenauer <wolfgang.rosenauer@open-xchange.com>  Mon, 20 Dec 2010 16:56:16 +0100

open-xchange-management (6.18.2.0-11) unstable; urgency=low

  * build for 6.18.2-rev11

 -- Carsten Hoeger <choeger@open-xchange.com>  Wed, 15 Dec 2010 18:11:34 +0100

open-xchange-management (6.18.2.0-10) unstable; urgency=low

  * build for 6.18.2-rev10

 -- Carsten Hoeger <choeger@open-xchange.com>  Thu,  9 Dec 2010 08:54:54 +0100

open-xchange-management (6.18.2.0-9) unstable; urgency=low

  * build for 6.18.2-rev9

 -- Carsten Hoeger <choeger@open-xchange.com>  Mon,  6 Dec 2010 13:04:13 +0100

open-xchange-management (6.18.2.0-8) unstable; urgency=low

  * first build for 6.18.2-rev8

 -- Carsten Hoeger <choeger@open-xchange.com>  Wed,  1 Dec 2010 17:53:18 +0100

open-xchange-management (6.18.2.0-7) unstable; urgency=low

  * first build for 6.18.2-rev7

 -- Carsten Hoeger <choeger@open-xchange.com>  Tue, 30 Nov 2010 15:46:23 +0100

open-xchange-management (6.18.2.0-6) unstable; urgency=low

  * first build for 6.18.2-rev6

 -- Carsten Hoeger <choeger@open-xchange.com>  Wed, 24 Nov 2010 14:55:26 +0100

open-xchange-management (6.18.2.0-5) unstable; urgency=low

  * Build for 6.18.2 Rev5

 -- Wolfgang Rosenauer <wolfgang.rosenauer@open-xchange.com>  Wed, 17 Nov 2010 14:16:39 +0100

open-xchange-management (6.18.2.0-4) unstable; urgency=low

  * first build for 6.18.2-rev4

 -- Carsten Hoeger <choeger@open-xchange.com>  Wed, 10 Nov 2010 15:37:08 +0100

open-xchange-management (6.18.2.0-3) unstable; urgency=low

  * Build for 6.18.2 Rev3

 -- Benjamin Otterbach <benjamin.otterbach@open-xchange.com>  Thu,  4 Nov 2010 19:42:59 +0100

open-xchange-management (6.18.2.0-2) unstable; urgency=low

  * Build for 6.18.2 Rev2

 -- Benjamin Otterbach <benjamin.otterbach@open-xchange.com>  Thu,  4 Nov 2010 09:55:36 +0100

open-xchange-management (6.18.2.0-1) unstable; urgency=low

  * first build for 6.18.2-rev1

 -- Carsten Hoeger <choeger@open-xchange.com>  Wed, 27 Oct 2010 19:07:30 +0200

open-xchange-management (6.18.2.0-0) unstable; urgency=low

  * 6.18.2 cycle

 -- Carsten Hoeger <choeger@open-xchange.com>  Wed,  6 Oct 2010 13:43:34 +0200

open-xchange-management (6.18.1.0-3) unstable; urgency=low

  * first build for 6.18.1-rev3

 -- Carsten Hoeger <choeger@open-xchange.com>  Thu, 30 Sep 2010 14:23:00 +0200

open-xchange-management (6.18.1.0-2) unstable; urgency=low

  * Build for 6.18.1 Rev2

 -- Benjamin Otterbach <benjamin.otterbach@open-xchange.com>  Thu, 23 Sep 2010 21:31:22 +0200

open-xchange-management (6.18.1.0-1) unstable; urgency=low

  * Build for 6.18.1 Rev1

 -- Benjamin Otterbach <benjamin.otterbach@open-xchange.com>  Tue, 21 Sep 2010 15:33:41 +0200

open-xchange-management (6.18.1.0-0) unstable; urgency=low

  * 6.18.1 cycle

 -- Carsten Hoeger <choeger@open-xchange.com>  Mon,  2 Aug 2010 09:36:31 +0200

open-xchange-management (6.18.0.0-2) unstable; urgency=low

  * first build for 6.18-rev2

 -- Carsten Hoeger <choeger@open-xchange.com>  Fri, 30 Jul 2010 11:24:03 +0200

open-xchange-management (6.18.0.0-1) unstable; urgency=low

  * first build for 6.18-rev1

 -- Carsten Hoeger <choeger@open-xchange.com>  Wed, 28 Jul 2010 15:49:44 +0200

open-xchange-management (6.17.0.0-14) unstable; urgency=low

  * first build for 6.17-rev14

 -- Carsten Hoeger <choeger@open-xchange.com>  Tue, 27 Jul 2010 16:39:15 +0200

open-xchange-management (6.17.0.0-13) unstable; urgency=low

  * first build for 6.17-rev13

 -- Carsten Hoeger <choeger@open-xchange.com>  Tue, 27 Jul 2010 09:24:27 +0200

open-xchange-management (6.17.0.0-12) unstable; urgency=low

  * first build for 6.17-rev12

 -- Carsten Hoeger <choeger@open-xchange.com>  Wed, 14 Jul 2010 15:16:51 +0200

open-xchange-management (6.17.0.0-11) unstable; urgency=low

  * first build for 6.17-rev11

 -- Carsten Hoeger <choeger@open-xchange.com>  Wed,  7 Jul 2010 14:14:57 +0200

open-xchange-management (6.17.0.0-10) unstable; urgency=low

  * first build for 6.17-rev10

 -- Carsten Hoeger <choeger@open-xchange.com>  Wed, 30 Jun 2010 15:17:22 +0200

open-xchange-management (6.17.0.0-9) unstable; urgency=low

  * first build for 6.17-rev9

 -- Carsten Hoeger <choeger@open-xchange.com>  Thu, 24 Jun 2010 14:18:52 +0200

open-xchange-management (6.17.0.0-8) unstable; urgency=low

  * first build for 6.17-rev8

 -- Carsten Hoeger <choeger@open-xchange.com>  Wed, 16 Jun 2010 14:05:34 +0200

open-xchange-management (6.17.0.0-7) unstable; urgency=low

  * first build for 6.17-rev7

 -- Carsten Hoeger <choeger@open-xchange.com>  Wed,  9 Jun 2010 14:23:40 +0200

open-xchange-management (6.17.0.0-6) unstable; urgency=low

  * First build for 6.17 Rev6

 -- Benjamin Otterbach <benjamin.otterbach@open-xchange.com>  Wed,  2 Jun 2010 03:07:03 +0200

open-xchange-management (6.17.0.0-5) unstable; urgency=low

  * First build for 6.17 Rev5

 -- Benjamin Otterbach <benjamin.otterbach@open-xchange.com>  Wed, 19 May 2010 14:26:29 +0200

open-xchange-management (6.17.0.0-4) unstable; urgency=low

  * First build for 6.17 Rev4

 -- Benjamin Otterbach <benjamin.otterbach@open-xchange.com>  Wed, 12 May 2010 15:29:51 +0200

open-xchange-management (6.17.0.0-3) unstable; urgency=low

  * first build for 6.17-rev3

 -- Carsten Hoeger <choeger@open-xchange.com>  Wed,  5 May 2010 14:12:26 +0200

open-xchange-management (6.17.0.0-2) unstable; urgency=low

  * first build for 6.17-rev2

 -- Carsten Hoeger <choeger@open-xchange.com>  Wed, 21 Apr 2010 14:35:41 +0200

open-xchange-management (6.17.0.0-1) unstable; urgency=low

  * first build for 6.17-rev1

 -- Carsten Hoeger <choeger@open-xchange.com>  Wed,  7 Apr 2010 14:26:10 +0200

open-xchange-management (6.17.0.0-0) unstable; urgency=low

  * new unstable cycle

 -- Carsten Hoeger <choeger@open-xchange.com>  Fri, 12 Mar 2010 10:55:34 +0100

open-xchange-management (6.16.0.0-3) unstable; urgency=low

  * first build for 6.16-rev3

 -- Carsten Hoeger <choeger@open-xchange.com>  Wed, 10 Mar 2010 16:52:49 +0100

open-xchange-management (6.16.0.0-2) unstable; urgency=low

  * first build for 6.16-rev2

 -- Carsten Hoeger <choeger@open-xchange.com>  Mon,  8 Mar 2010 16:23:46 +0100

open-xchange-management (6.16.0.0-1) unstable; urgency=low

  * first build for 6.16-rev1

 -- Carsten Hoeger <choeger@open-xchange.com>  Wed,  3 Mar 2010 12:44:18 +0100

open-xchange-management (6.15.0.0-7) unstable; urgency=low

  * first build for 6.15-rev7

 -- Carsten Hoeger <choeger@open-xchange.com>  Fri, 26 Feb 2010 12:06:32 +0100

open-xchange-management (6.15.0.0-6) unstable; urgency=low

  * second build for 6.15-rev6

 -- Carsten Hoeger <choeger@open-xchange.com>  Fri, 26 Feb 2010 10:15:21 +0100

open-xchange-management (6.15.0.0-5) unstable; urgency=low

  * first build for 6.15-rev6

 -- Carsten Hoeger <choeger@open-xchange.com>  Wed, 24 Feb 2010 14:08:17 +0100

open-xchange-management (6.15.0.0-4) unstable; urgency=low

  * first build for 6.15-rev5

 -- Carsten Hoeger <choeger@open-xchange.com>  Wed, 17 Feb 2010 14:47:33 +0100

open-xchange-management (6.15.0.0-3) unstable; urgency=low

  * first build for 6.15-rev4

 -- Carsten Hoeger <choeger@open-xchange.com>  Wed, 10 Feb 2010 16:35:24 +0100

open-xchange-management (6.15.0.0-2) unstable; urgency=low

  * first build for 6.15-rev3

 -- Carsten Hoeger <choeger@open-xchange.com>  Wed, 27 Jan 2010 14:54:10 +0100

open-xchange-management (6.15.0.0-1) unstable; urgency=low

  * first build for 6.15-rev2

 -- Carsten Hoeger <choeger@open-xchange.com>  Wed, 13 Jan 2010 15:15:05 +0100

open-xchange-management (6.15.0.0-0) unstable; urgency=low

  * new unstable cycle 6.15

 -- Carsten Hoeger <choeger@open-xchange.com>  Thu, 19 Nov 2009 11:18:43 +0100

open-xchange-management (6.14.0.0-2) unstable; urgency=low

  * build for 6.14 rev2

 -- Carsten Hoeger <choeger@open-xchange.com>  Wed, 18 Nov 2009 14:53:17 +0100

open-xchange-management (6.14.0.0-1) unstable; urgency=low

  * build for 6.14 rev1

 -- Carsten Hoeger <choeger@open-xchange.com>  Fri, 13 Nov 2009 15:06:52 +0100

open-xchange-management (6.13.0.0-4) unstable; urgency=low

  * build for 6.13 rev5

 -- Carsten Hoeger <choeger@open-xchange.com>  Wed,  4 Nov 2009 14:26:49 +0100

open-xchange-management (6.13.0.0-3) unstable; urgency=low

  * build for 6.13 rev3

 -- Carsten Hoeger <choeger@open-xchange.com>  Wed, 21 Oct 2009 15:30:12 +0200

open-xchange-management (6.13.0.0-2) unstable; urgency=low

  * build for 6.13 rev2

 -- Carsten Hoeger <choeger@open-xchange.com>  Wed,  7 Oct 2009 14:51:37 +0200

open-xchange-management (6.13.0.0-1) unstable; urgency=low

  * First build for 6.13 Rev1

 -- Benjamin Otterbach <benjamin.otterbach@open-xchange.com>  Wed, 23 Sep 2009 14:59:06 +0200

open-xchange-management (6.13.0.0-0) unstable; urgency=low

  * 6.13 unstable cycle

 -- Carsten Hoeger <choeger@open-xchange.com>  Mon,  7 Sep 2009 13:21:19 +0200

open-xchange-management (6.12.0.0-1) unstable; urgency=low

  * first build for 6.12 Rev1

 -- Carsten Hoeger <choeger@open-xchange.com>  Fri,  4 Sep 2009 09:59:15 +0200

open-xchange-management (6.11.0.0-7) unstable; urgency=low

  * first build for 6.11 Rev7

 -- Carsten Hoeger <choeger@open-xchange.com>  Mon, 31 Aug 2009 16:12:05 +0200

open-xchange-management (6.11.0.0-6) unstable; urgency=low

  * First build for 6.11 Rev5

 -- Benjamin Otterbach <benjamin.otterbach@open-xchange.com>  Thu, 27 Aug 2009 18:26:27 +0200

open-xchange-management (6.11.0.0-5) unstable; urgency=low

  * First build for 6.11 Rev4

 -- Benjamin Otterbach <benjamin.otterbach@open-xchange.com>  Thu, 27 Aug 2009 18:20:19 +0200

open-xchange-management (6.11.0.0-4) unstable; urgency=low

  * first build for 6.11 Rev4

 -- Benjamin Otterbach <benjamin.otterbach@open-xchange.com>  Wed, 26 Aug 2009 14:15:34 +0200

open-xchange-management (6.11.0.0-3) unstable; urgency=low

  * internal build

 -- Carsten Hoeger <choeger@open-xchange.com>  Wed, 19 Aug 2009 17:03:29 +0200

open-xchange-management (6.11.0.0-2) unstable; urgency=low

  * internal build

 -- Carsten Hoeger <choeger@open-xchange.com>  Wed, 19 Aug 2009 17:00:50 +0200

open-xchange-management (6.11.0.0-1) unstable; urgency=low

  * first build for 6.11 Rev2

 -- Carsten Hoeger <choeger@open-xchange.com>  Wed, 12 Aug 2009 16:03:10 +0200

open-xchange-management (6.11.0.0-0) unstable; urgency=low

  * prepare for unstable

 -- Carsten Hoeger <choeger@open-xchange.com>  Fri,  3 Jul 2009 16:04:01 +0200

open-xchange-management (6.10.0.0-1) unstable; urgency=low

  * first build for 6.10 RC1

 -- Carsten Hoeger <choeger@open-xchange.com>  Thu,  2 Jul 2009 11:06:53 +0200

open-xchange-management (6.10.0.0-0) unstable; urgency=low

  * first build for 6.10 RC1

 -- Carsten Hoeger <choeger@open-xchange.com>  Thu,  2 Jul 2009 10:15:40 +0200

open-xchange-management (6.9.0.0-0) unstable; urgency=low

  * new unstable cycle

 -- Carsten Hoeger <choeger@open-xchange.com>  Mon, 23 Mar 2009 15:58:48 +0100

open-xchange-management (6.8.1-3) unstable; urgency=low

  * first build for SP5U1 RC3

 -- Carsten Hoeger <choeger@open-xchange.com>  Mon, 16 Mar 2009 15:27:25 +0100

open-xchange-management (6.8.1-2) unstable; urgency=low

  * first build for SP5U1 RC2

 -- Carsten Hoeger <choeger@open-xchange.com>  Wed, 11 Mar 2009 16:52:50 +0100

open-xchange-management (6.8.1-1) unstable; urgency=low

  * first build for SP5U1 RC1

 -- Carsten Hoeger <choeger@open-xchange.com>  Thu,  5 Mar 2009 16:23:40 +0100

open-xchange-management (6.8.1-0) unstable; urgency=low

  * prepare for Update1 (now unstable)

 -- Carsten Hoeger <choeger@open-xchange.com>  Wed, 21 Jan 2009 17:13:03 +0100

open-xchange-management (6.8.0-1) unstable; urgency=low

  * second build for RC2

 -- Carsten Hoeger <choeger@open-xchange.com>  Thu, 15 Jan 2009 15:56:53 +0100

open-xchange-management (6.7.0-5) unstable; urgency=low

  * first build for SP5 RC2

 -- Carsten Hoeger <choeger@open-xchange.com>  Mon, 12 Jan 2009 16:28:54 +0100

open-xchange-management (6.7.0-4) unstable; urgency=low

  * first build for RC1

 -- Carsten Hoeger <choeger@open-xchange.com>  Mon, 15 Dec 2008 17:24:15 +0100

open-xchange-management (6.7.0-3) unstable; urgency=low

  * first build for Beta3

 -- Carsten Hoeger <choeger@open-xchange.com>  Mon,  1 Dec 2008 16:58:45 +0100

open-xchange-management (6.7.0-2) unstable; urgency=low

  * first build for Beta2

 -- Carsten Hoeger <choeger@open-xchange.com>  Tue, 18 Nov 2008 17:12:24 +0100

open-xchange-management (6.7.0-1) unstable; urgency=low

  * first build for SP5 Beta1

 -- Carsten Hoeger <choeger@open-xchange.com>  Wed, 29 Oct 2008 17:26:37 +0100

open-xchange-management (6.7.0-0) unstable; urgency=low

  * new unstable cycle

 -- Carsten Hoeger <choeger@open-xchange.com>  Wed, 08 Oct 2008 09:18:54 +0200

open-xchange-management (6.6.0-9) unstable; urgency=low

  * build for PTF 20080919

 -- Marcus Klein <marcus.klein@open-xchange.com>  Sun, 21 Sep 2008 19:31:20 +0200

open-xchange-management (6.6.0-8) unstable; urgency=low

  * first build for RC9

 -- Carsten Hoeger <choeger@open-xchange.com>  Mon, 15 Sep 2008 17:36:23 +0200

open-xchange-management (6.6.0-7) unstable; urgency=low

  * build for PTF 20080911

 -- Carsten Hoeger <choeger@open-xchange.com>  Fri, 12 Sep 2008 12:29:47 +0200

open-xchange-management (6.6.0-6) unstable; urgency=low

  * first build for RC8

 -- Carsten Hoeger <choeger@open-xchange.com>  Wed,  3 Sep 2008 16:53:25 +0200

open-xchange-management (6.6.0-5) unstable; urgency=low

  * first build for RC7

 -- Carsten Hoeger <choeger@open-xchange.com>  Mon, 25 Aug 2008 15:46:24 +0200

open-xchange-management (6.6.0-4) unstable; urgency=low

  * first build for RC6

 -- Carsten Hoeger <choeger@open-xchange.com>  Thu, 21 Aug 2008 14:31:24 +0200

open-xchange-management (6.6.0-3) unstable; urgency=low

  * first build for RC5

 -- Carsten Hoeger <choeger@open-xchange.com>  Tue, 19 Aug 2008 12:06:56 +0200

open-xchange-management (6.6.0-2) unstable; urgency=low

  * first build for RC4

 -- Carsten Hoeger <choeger@open-xchange.com>  Thu, 14 Aug 2008 14:26:23 +0200

open-xchange-management (6.6.0-1) unstable; urgency=low

  * first build for RC3

 -- Marcus Klein <marcus.klein@open-xchange.com>  Mon, 11 Aug 2008 19:50:17 +0200

open-xchange-management (6.6.0-0) unstable; urgency=low

  * prepared for stable version build 6.6.x

 -- Carsten Hoeger <choeger@open-xchange.com>  Mon, 11 Aug 2008 17:46:50 +0200

open-xchange-management (6.5.0-21) unstable; urgency=low

  * first build for Beta10

 -- Marcus Klein <marcus.klein@open-xchange.com>  Wed,  6 Aug 2008 17:42:58 +0200

open-xchange-management (6.5.0-20) unstable; urgency=low

  * first build for Beta9

 -- Marcus Klein <marcus.klein@open-xchange.com>  Tue, 29 Jul 2008 13:14:18 +0200

open-xchange-management (6.5.0-19) unstable; urgency=low

  * first build for Beta8

 -- Carsten Hoeger <choeger@open-xchange.com>  Mon, 14 Jul 2008 11:44:24 +0200

open-xchange-management (6.5.0-18) unstable; urgency=low

  * first build for Beta7

 -- Carsten Hoeger <choeger@open-xchange.com>  Thu, 10 Jul 2008 12:07:33 +0200

open-xchange-management (6.5.0-17) unstable; urgency=low

  * second build for Beta6

 -- Carsten Hoeger <choeger@open-xchange.com>  Wed,  9 Jul 2008 15:35:28 +0200

open-xchange-management (6.5.0-16) unstable; urgency=low

  * first build for Beta6

 -- Carsten Hoeger <choeger@open-xchange.com>  Tue,  8 Jul 2008 16:17:31 +0200

open-xchange-management (6.5.0-15) unstable; urgency=low

  * third build for Beta5

 -- Carsten Hoeger <choeger@open-xchange.com>  Fri,  4 Jul 2008 15:54:23 +0200

open-xchange-management (6.5.0-14) unstable; urgency=low

  * second build for Beta5

 -- Carsten Hoeger <choeger@open-xchange.com>  Thu,  3 Jul 2008 17:46:08 +0200

open-xchange-management (6.5.0-13) unstable; urgency=low

  * first build for Beta5

 -- Carsten Hoeger <choeger@open-xchange.com>  Thu,  3 Jul 2008 12:15:35 +0200

open-xchange-management (6.5.0-12) unstable; urgency=low

  * first build for Beta4

 -- Carsten Hoeger <choeger@open-xchange.com>  Wed, 25 Jun 2008 14:00:18 +0200

open-xchange-management (6.5.0-11) unstable; urgency=low

  * first build for Beta3

 -- Carsten Hoeger <choeger@open-xchange.com>  Tue, 24 Jun 2008 17:09:41 +0200

open-xchange-management (6.5.0-10) unstable; urgency=low

  * first build for Beta2

 -- Carsten Hoeger <choeger@open-xchange.com>  Wed, 18 Jun 2008 17:40:20 +0200

open-xchange-management (6.5.0-9) unstable; urgency=low

  * second build for Beta1

 -- Carsten Hoeger <choeger@open-xchange.com>  Thu,  5 Jun 2008 10:24:30 +0200

open-xchange-management (6.5.0-8) unstable; urgency=low

  * first build for Beta1

 -- Carsten Hoeger <choeger@open-xchange.com>  Wed,  4 Jun 2008 11:28:18 +0200

open-xchange-management (6.5.0-7) unstable; urgency=low

  * Seventh internal Beta.

 -- Marcus Klein <marcus.klein@open-xchange.com>  Mon,  5 May 2008 08:11:18 +0200

open-xchange-management (6.5.0-6) unstable; urgency=low

  * Sixth internal Beta.

 -- Marcus Klein <marcus.klein@open-xchange.com>  Wed, 23 Apr 2008 16:55:05 +0200

open-xchange-management (6.5.0-5) unstable; urgency=low

  * Fifth internal Beta.

 -- Carsten Hoeger <choeger@open-xchange.com>  Wed,  9 Apr 2008 10:33:46 +0200

open-xchange-management (6.5.0-4) unstable; urgency=low

  * Fourth internal beta.

 -- Marcus Klein <marcus.klein@open-xchange.com>  Mon, 17 Mar 2008 16:01:51 +0100

open-xchange-management (6.5.0-3) unstable; urgency=low

  * Third internal beta.

 -- Marcus Klein <marcus.klein@open-xchange.com>  Mon, 18 Feb 2008 10:52:57 +0100

open-xchange-management (6.5.0-2) unstable; urgency=low

  * Second internal beta.

 -- Marcus Klein <marcus.klein@open-xchange.com>  Fri,  8 Feb 2008 16:32:04 +0100

open-xchange-management (6.5.0-1) unstable; urgency=low

  * First internal beta.

 -- Carsten Hoeger <choeger@open-xchange.com>  Mon,  3 Dec 2007 10:44:00 +0100
