open-xchange-calendar-printing (7.8.0-38) stable; urgency=medium

  * Build for patch 2016-08-29 (3520)

 -- Marcus Klein <marcus.klein@open-xchange.com>  Fri, 19 Aug 2016 16:16:34 +0200

open-xchange-calendar-printing (7.8.0-37) stable; urgency=medium

  * Build for patch 2016-08-03 (3476)

 -- Marcus Klein <marcus.klein@open-xchange.com>  Wed, 03 Aug 2016 12:32:48 +0200

open-xchange-calendar-printing (7.8.0-36) stable; urgency=medium

  * Build for patch 2016-08-01 (3465)

 -- Marcus Klein <marcus.klein@open-xchange.com>  Mon, 25 Jul 2016 16:39:18 +0200

open-xchange-calendar-printing (7.8.0-35) stable; urgency=medium

  * Build for patch 2016-07-18 (3432)

 -- Marcus Klein <marcus.klein@open-xchange.com>  Mon, 11 Jul 2016 10:58:11 +0200

open-xchange-calendar-printing (7.8.0-34) stable; urgency=medium

  * Build for patch 2016-07-04 (3399)

 -- Marcus Klein <marcus.klein@open-xchange.com>  Thu, 30 Jun 2016 18:38:04 +0200

open-xchange-calendar-printing (7.8.0-33) stable; urgency=medium

  * Build for patch 2016-06-20 (3346)

 -- Marcus Klein <marcus.klein@open-xchange.com>  Wed, 15 Jun 2016 12:34:49 +0200

open-xchange-calendar-printing (7.8.0-32) stable; urgency=medium

  * Build for patch 2015-06-06 (3316)

 -- Marcus Klein <marcus.klein@open-xchange.com>  Fri, 27 May 2016 12:25:06 +0200

open-xchange-calendar-printing (7.8.0-31) stable; urgency=medium

  * Build for patch 2016-05-23 (3293)

 -- Marcus Klein <marcus.klein@open-xchange.com>  Fri, 13 May 2016 14:33:20 +0200

open-xchange-calendar-printing (7.8.0-30) stable; urgency=medium

  * Build for patch 2016-05-09 (3271)

 -- Marcus Klein <marcus.klein@open-xchange.com>  Tue, 03 May 2016 15:13:18 +0200

open-xchange-calendar-printing (7.8.0-29) stable; urgency=medium

  * Build for patch 2016-04-25 (3238)

 -- Marcus Klein <marcus.klein@open-xchange.com>  Fri, 15 Apr 2016 18:42:11 +0200

open-xchange-calendar-printing (7.8.0-28) stable; urgency=medium

  * Build for patch 2016-04-11 (3214)

 -- Marcus Klein <marcus.klein@open-xchange.com>  Tue, 05 Apr 2016 11:38:56 +0200

open-xchange-calendar-printing (7.8.0-27) stable; urgency=medium

  * Build for patch 2016-03-29 (3188)

 -- Marcus Klein <marcus.klein@open-xchange.com>  Wed, 23 Mar 2016 12:49:48 +0100

open-xchange-calendar-printing (7.8.0-26) stable; urgency=medium

  * Build for patch 2016-03-14 (3148)

 -- Marcus Klein <marcus.klein@open-xchange.com>  Mon, 07 Mar 2016 16:59:08 +0100

open-xchange-calendar-printing (7.8.0-25) stable; urgency=medium

  * Build for patch 2016-02-29 (3141)

 -- Marcus Klein <marcus.klein@open-xchange.com>  Fri, 26 Feb 2016 13:00:16 +0100

open-xchange-calendar-printing (7.8.0-24) stable; urgency=medium

  * Build for patch 2016-02-29 (3121)

 -- Marcus Klein <marcus.klein@open-xchange.com>  Mon, 22 Feb 2016 22:23:28 +0100

open-xchange-calendar-printing (7.8.0-23) stable; urgency=medium

  * Build for patch 2016-02-18 (3106)

 -- Marcus Klein <marcus.klein@open-xchange.com>  Mon, 15 Feb 2016 17:19:57 +0100

open-xchange-calendar-printing (7.8.0-22) stable; urgency=medium

  * Build for patch 2016-02-08 (3073)

 -- Marcus Klein <marcus.klein@open-xchange.com>  Wed, 10 Feb 2016 12:40:08 +0100

open-xchange-calendar-printing (7.8.0-21) stable; urgency=medium

  * Build for patch 2016-01-19 (3062)

 -- Marcus Klein <marcus.klein@open-xchange.com>  Tue, 26 Jan 2016 10:52:34 +0100

open-xchange-calendar-printing (7.8.0-20) stable; urgency=medium

  * Build for patch 2016-01-25 (3031)

 -- Marcus Klein <marcus.klein@open-xchange.com>  Mon, 25 Jan 2016 10:20:30 +0100

open-xchange-calendar-printing (7.8.0-19) stable; urgency=medium

  * Build for patch 2016-02-05 (3058)

 -- Marcus Klein <marcus.klein@open-xchange.com>  Sat, 23 Jan 2016 13:34:00 +0100

open-xchange-calendar-printing (7.8.0-18) stable; urgency=medium

  * Build for patch 2016-02-05 (3058)

 -- Marcus Klein <marcus.klein@open-xchange.com>  Sat, 23 Jan 2016 12:19:41 +0100

open-xchange-calendar-printing (7.8.0-17) stable; urgency=medium

  * Build for patch 2016-01-15 (3028)

 -- Marcus Klein <marcus.klein@open-xchange.com>  Fri, 15 Jan 2016 12:03:56 +0100

open-xchange-calendar-printing (7.8.0-16) stable; urgency=medium

  * Build for patch 2016-01-13 (2982)

 -- Marcus Klein <marcus.klein@open-xchange.com>  Wed, 13 Jan 2016 10:02:02 +0100

open-xchange-calendar-printing (7.8.0-15) stable; urgency=medium

  * Build for patch 2015-12-23 (3011)

 -- Marcus Klein <marcus.klein@open-xchange.com>  Tue, 12 Jan 2016 17:19:23 +0100

open-xchange-calendar-printing (7.8.0-14) stable; urgency=medium

  * Build for patch 2016-01-05 (2989)

 -- Marcus Klein <marcus.klein@open-xchange.com>  Tue, 29 Dec 2015 12:29:33 +0100

open-xchange-calendar-printing (7.8.0-13) stable; urgency=medium

  * Build for patch 2015-12-23 (2971)

 -- Marcus Klein <marcus.klein@open-xchange.com>  Tue, 22 Dec 2015 15:57:19 +0100

open-xchange-calendar-printing (7.8.0-12) stable; urgency=medium

  * Build for patch 2015-12-21 (2953)

 -- Marcus Klein <marcus.klein@open-xchange.com>  Fri, 11 Dec 2015 12:38:51 +0100

open-xchange-calendar-printing (7.8.0-11) stable; urgency=medium

  * Build for patch 2015-12-07 (2918)

 -- Marcus Klein <marcus.klein@open-xchange.com>  Tue, 08 Dec 2015 11:26:18 +0100

open-xchange-calendar-printing (7.8.0-10) stable; urgency=medium

  * Build for patch 2015-11-23 (2878)

 -- Marcus Klein <marcus.klein@open-xchange.com>  Thu, 19 Nov 2015 19:18:51 +0100

open-xchange-calendar-printing (7.8.0-9) stable; urgency=medium

  * Build for patch 2015-11-09 (2840)

 -- Marcus Klein <marcus.klein@open-xchange.com>  Thu, 05 Nov 2015 17:11:33 +0100

open-xchange-calendar-printing (7.8.0-8) stable; urgency=medium

  * Build for patch 2015-11-02 (2853)

 -- Marcus Klein <marcus.klein@open-xchange.com>  Fri, 30 Oct 2015 16:57:13 +0100

open-xchange-calendar-printing (7.8.0-7) stable; urgency=medium

  * Build for patch 2015-10-26 (2812)

 -- Marcus Klein <marcus.klein@open-xchange.com>  Mon, 19 Oct 2015 10:56:38 +0200

open-xchange-calendar-printing (7.8.0-6) stable; urgency=medium

  * Sixth candidate for 7.8.0 release

 -- Marcus Klein <marcus.klein@open-xchange.com>  Fri, 02 Oct 2015 12:17:11 +0200

open-xchange-calendar-printing (7.8.0-5) stable; urgency=medium

  * Fith candidate for 7.8.0 release

 -- Marcus Klein <marcus.klein@open-xchange.com>  Fri, 25 Sep 2015 14:26:18 +0200

open-xchange-calendar-printing (7.8.0-4) stable; urgency=medium

  * Fourth candidate for 7.8.0 release

 -- Marcus Klein <marcus.klein@open-xchange.com>  Fri, 18 Sep 2015 11:06:49 +0200

open-xchange-calendar-printing (7.8.0-3) stable; urgency=medium

  * Third candidate for 7.8.0 release

 -- Marcus Klein <marcus.klein@open-xchange.com>  Mon, 07 Sep 2015 15:25:41 +0200

open-xchange-calendar-printing (7.8.0-2) stable; urgency=medium

  * Second candidate for 7.8.0 release

 -- Marcus Klein <marcus.klein@open-xchange.com>  Fri, 21 Aug 2015 10:31:12 +0200

open-xchange-calendar-printing (7.8.0-1) stable; urgency=medium

  * First release candidate for 7.8.0

 -- Marcus Klein <marcus.klein@open-xchange.com>  Wed, 05 Aug 2015 09:16:55 +0200

open-xchange-calendar-printing (7.8.0-0) unstable; urgency=medium

  * prepare for 7.8.0 release

 -- Marcus Klein <marcus.klein@open-xchange.com>  Wed, 05 Nov 2014 09:40:44 +0100

open-xchange-calendar-printing (7.6.2-33) stable; urgency=medium

  * Build for patch 2015-09-28  (2767)

 -- Marcus Klein <marcus.klein@open-xchange.com>  Fri, 25 Sep 2015 19:17:13 +0200

open-xchange-calendar-printing (7.6.2-32) stable; urgency=medium

  * Build for patch 2015-09-14 (2732)

 -- Marcus Klein <marcus.klein@open-xchange.com>  Tue, 08 Sep 2015 13:34:29 +0200

open-xchange-calendar-printing (7.6.2-31) stable; urgency=medium

  * Build for patch 2015-09-01 (2726)

 -- Marcus Klein <marcus.klein@open-xchange.com>  Wed, 02 Sep 2015 11:03:38 +0200

open-xchange-calendar-printing (7.6.2-30) stable; urgency=medium

  * Build for patch 2015-08-24 (2674)

 -- Marcus Klein <marcus.klein@open-xchange.com>  Mon, 24 Aug 2015 15:28:01 +0200

open-xchange-calendar-printing (7.6.2-29) stable; urgency=medium

  * Build for patch 2015-08-12 (2671)

 -- Marcus Klein <marcus.klein@open-xchange.com>  Mon, 17 Aug 2015 20:19:52 +0200

open-xchange-calendar-printing (7.6.2-28) stable; urgency=medium

  * Build for patch 2015-08-10 (2655)

 -- Marcus Klein <marcus.klein@open-xchange.com>  Tue, 04 Aug 2015 15:24:15 +0200

open-xchange-calendar-printing (7.6.2-27) stable; urgency=medium

  * Build for patch 2015-08-03 (2650)

 -- Marcus Klein <marcus.klein@open-xchange.com>  Mon, 03 Aug 2015 14:52:41 +0200

open-xchange-calendar-printing (7.6.2-26) stable; urgency=medium

  * Build for patch 2015-07-27 (2626)

 -- Marcus Klein <marcus.klein@open-xchange.com>  Thu, 23 Jul 2015 14:16:37 +0200

open-xchange-calendar-printing (7.6.2-25) stable; urgency=medium

  * Build for patch 2015-07-20 (2614)

 -- Marcus Klein <marcus.klein@open-xchange.com>  Wed, 15 Jul 2015 13:37:53 +0200

open-xchange-calendar-printing (7.6.2-24) stable; urgency=medium

  * Build for patch 2015-07-10

 -- Marcus Klein <marcus.klein@open-xchange.com>  Fri, 03 Jul 2015 16:07:03 +0200

open-xchange-calendar-printing (7.6.2-23) stable; urgency=medium

  * Build for patch 2015-07-02 (2611)

 -- Marcus Klein <marcus.klein@open-xchange.com>  Fri, 03 Jul 2015 13:07:20 +0200

open-xchange-calendar-printing (7.6.2-22) stable; urgency=medium

  * Build for patch 2015-06-29 (2578)

 -- Marcus Klein <marcus.klein@open-xchange.com>  Fri, 03 Jul 2015 11:28:52 +0200

open-xchange-calendar-printing (7.6.2-21) stable; urgency=medium

  * Build for patch 2015-06-29 (2542)

 -- Marcus Klein <marcus.klein@open-xchange.com>  Fri, 03 Jul 2015 10:37:43 +0200

open-xchange-calendar-printing (7.6.2-20) stable; urgency=medium

  * Build for patch 2015-06-29 (2569)

 -- Marcus Klein <marcus.klein@open-xchange.com>  Wed, 24 Jun 2015 16:13:56 +0200

open-xchange-calendar-printing (7.6.2-19) stable; urgency=medium

  * Build for patch 2015-06-08 (2540)

 -- Marcus Klein <marcus.klein@open-xchange.com>  Wed, 10 Jun 2015 15:32:34 +0200

open-xchange-calendar-printing (7.6.2-18) stable; urgency=medium

  * Build for patch 2015-05-26 (2521)

 -- Marcus Klein <marcus.klein@open-xchange.com>  Mon, 18 May 2015 11:43:39 +0200

open-xchange-calendar-printing (7.6.2-17) stable; urgency=medium

  * Build for patch 2015-05-15 (2529)

 -- Marcus Klein <marcus.klein@open-xchange.com>  Fri, 15 May 2015 10:18:37 +0200

open-xchange-calendar-printing (7.6.2-16) stable; urgency=medium

  * Build for patch 2015-05-04 (2496)

 -- Marcus Klein <marcus.klein@open-xchange.com>  Thu, 30 Apr 2015 12:29:18 +0200

open-xchange-calendar-printing (7.6.2-15) stable; urgency=medium

  * Build for patch 2015-09-09 (2495)

 -- Marcus Klein <marcus.klein@open-xchange.com>  Fri, 24 Apr 2015 09:50:20 +0200

open-xchange-calendar-printing (7.6.2-14) stable; urgency=medium

  * Build for patch 2015-04-13 (2474)

 -- Marcus Klein <marcus.klein@open-xchange.com>  Wed, 08 Apr 2015 15:35:16 +0200

open-xchange-calendar-printing (7.6.2-13) stable; urgency=medium

  * Build for patch 2013-04-09 (2486)

 -- Marcus Klein <marcus.klein@open-xchange.com>  Tue, 07 Apr 2015 16:35:54 +0200

open-xchange-calendar-printing (7.6.2-12) stable; urgency=medium

  * Twelfth candidate for 7.6.2 release

 -- Marcus Klein <marcus.klein@open-xchange.com>  Fri, 13 Mar 2015 17:13:46 +0100

open-xchange-calendar-printing (7.6.2-11) stable; urgency=medium

  * Eleventh candidate for 7.6.2 release

 -- Marcus Klein <marcus.klein@open-xchange.com>  Fri, 06 Mar 2015 15:30:40 +0100

open-xchange-calendar-printing (7.6.2-10) stable; urgency=medium

  * Tenth candidate for 7.6.2 release

 -- Marcus Klein <marcus.klein@open-xchange.com>  Wed, 04 Mar 2015 13:13:46 +0100

open-xchange-calendar-printing (7.6.2-9) stable; urgency=medium

  * Nineth candidate for 7.6.2 release

 -- Marcus Klein <marcus.klein@open-xchange.com>  Tue, 03 Mar 2015 11:51:47 +0100

open-xchange-calendar-printing (7.6.2-8) stable; urgency=low

  * Eighth candidate for 7.6.2 release

 -- Marcus Klein <marcus.klein@open-xchange.com>  Tue, 24 Feb 2015 16:14:15 +0100

open-xchange-calendar-printing (7.6.2-7) stable; urgency=low

  * Seventh candidate for 7.6.2 release

 -- Marcus Klein <marcus.klein@open-xchange.com>  Wed, 11 Feb 2015 15:41:55 +0100

open-xchange-calendar-printing (7.6.2-6) stable; urgency=low

  * Sixth candidate for 7.6.2 release

 -- Marcus Klein <marcus.klein@open-xchange.com>  Fri, 30 Jan 2015 16:12:30 +0100

open-xchange-calendar-printing (7.6.2-5) stable; urgency=low

  * Fifth candidate for 7.6.2 release

 -- Marcus Klein <marcus.klein@open-xchange.com>  Wed, 28 Jan 2015 12:27:56 +0100

open-xchange-calendar-printing (7.6.2-4) stable; urgency=low

  * Fourth candidate for 7.6.2 release

 -- Marcus Klein <marcus.klein@open-xchange.com>  Fri, 12 Dec 2014 13:09:42 +0100

open-xchange-calendar-printing (7.6.2-3) stable; urgency=medium

  * Third candidate for 7.6.2 release

 -- Marcus Klein <marcus.klein@open-xchange.com>  Fri, 05 Dec 2014 13:58:36 +0100

open-xchange-calendar-printing (7.6.2-2) stable; urgency=low

  * Second candidate for 7.6.2 release

 -- Marcus Klein <marcus.klein@open-xchange.com>  Fri, 21 Nov 2014 10:37:52 +0100

open-xchange-calendar-printing (7.6.2-1) stable; urgency=medium

  * First candidate for 7.6.2 release

 -- Marcus Klein <marcus.klein@open-xchange.com>  Fri, 31 Oct 2014 13:32:29 +0100

open-xchange-calendar-printing (7.6.2-0) unstable; urgency=medium

  * prepare for 7.6.2 release

 -- Marcus Klein <marcus.klein@open-xchange.com>  Wed, 17 Sep 2014 12:36:01 +0200

open-xchange-calendar-printing (7.6.1-31) stable; urgency=medium

  * Build for patch 2015-08-17 (2666)

 -- Marcus Klein <marcus.klein@open-xchange.com>  Thu, 06 Aug 2015 10:56:38 +0200

open-xchange-calendar-printing (7.6.1-30) stable; urgency=medium

  * Build for patch 2015-06-26 (2573)

 -- Marcus Klein <marcus.klein@open-xchange.com>  Wed, 24 Jun 2015 12:07:56 +0200

open-xchange-calendar-printing (7.6.1-29) stable; urgency=medium

  * Build for patch 2015-06-08 (2539)

 -- Marcus Klein <marcus.klein@open-xchange.com>  Wed, 10 Jun 2015 15:36:48 +0200

open-xchange-calendar-printing (7.6.1-29) stable; urgency=medium

  * Build for patch 2015-05-12 (2478)

 -- Marcus Klein <marcus.klein@open-xchange.com>  Fri, 08 May 2015 14:21:22 +0200

open-xchange-calendar-printing (7.6.1-28) stable; urgency=medium

  * Build for patch 2015-05-04 (2497)

 -- Marcus Klein <marcus.klein@open-xchange.com>  Thu, 30 Apr 2015 10:15:58 +0200

open-xchange-calendar-printing (7.6.1-27) stable; urgency=medium

  * Build for patch 2015-05-04 (2505)

 -- Marcus Klein <marcus.klein@open-xchange.com>  Tue, 28 Apr 2015 12:14:02 +0200

open-xchange-calendar-printing (7.6.1-26) stable; urgency=medium

  * Build for patch 2015-04-13 (2473)

 -- Marcus Klein <marcus.klein@open-xchange.com>  Tue, 14 Apr 2015 18:43:39 +0200

open-xchange-calendar-printing (7.6.1-25) stable; urgency=medium

  * Build for patch 2015-03-30 (2459)

 -- Marcus Klein <marcus.klein@open-xchange.com>  Thu, 26 Mar 2015 13:57:31 +0100

open-xchange-calendar-printing (7.6.1-24) stable; urgency=medium

  * Build for patch 2015-03-20

 -- Marcus Klein <marcus.klein@open-xchange.com>  Mon, 23 Mar 2015 14:18:07 +0100

open-xchange-calendar-printing (7.6.1-23) stable; urgency=medium

  * Build for patch 2015-03-18

 -- Marcus Klein <marcus.klein@open-xchange.com>  Tue, 17 Mar 2015 11:45:24 +0100

open-xchange-calendar-printing (7.6.1-22) stable; urgency=medium

  * Build for patch 2015-03-16

 -- Marcus Klein <marcus.klein@open-xchange.com>  Fri, 06 Mar 2015 16:53:18 +0100

open-xchange-calendar-printing (7.6.1-21) stable; urgency=low

  * Build for patch 2015-02-23

 -- Marcus Klein <marcus.klein@open-xchange.com>  Thu, 26 Feb 2015 10:35:58 +0100

open-xchange-calendar-printing (7.6.1-20) stable; urgency=low

  * Build for patch 2015-02-25

 -- Marcus Klein <marcus.klein@open-xchange.com>  Mon, 23 Feb 2015 12:29:16 +0100

open-xchange-calendar-printing (7.6.1-19) stable; urgency=low

  * Build for patch 2015-02-10

 -- Marcus Klein <marcus.klein@open-xchange.com>  Fri, 06 Feb 2015 11:23:12 +0100

open-xchange-calendar-printing (7.6.1-18) stable; urgency=low

  * Build for patch 2015-02-09

 -- Marcus Klein <marcus.klein@open-xchange.com>  Fri, 06 Feb 2015 10:31:45 +0100

open-xchange-calendar-printing (7.6.1-17) stable; urgency=low

  * Build for patch 2014-10-27

 -- Marcus Klein <marcus.klein@open-xchange.com>  Mon, 26 Jan 2015 18:21:03 +0100

open-xchange-calendar-printing (7.6.1-16) stable; urgency=low

  * Build for patch 2015-01-26

 -- Marcus Klein <marcus.klein@open-xchange.com>  Mon, 26 Jan 2015 16:09:56 +0100

open-xchange-calendar-printing (7.6.1-15) stable; urgency=low

  * Build for patch 2015-01-09

 -- Marcus Klein <marcus.klein@open-xchange.com>  Mon, 12 Jan 2015 17:17:12 +0100

open-xchange-calendar-printing (7.6.1-14) stable; urgency=low

  * Build for patch 2015-01-12

 -- Marcus Klein <marcus.klein@open-xchange.com>  Wed, 07 Jan 2015 15:43:35 +0100

open-xchange-calendar-printing (7.6.1-13) stable; urgency=medium

  * Build for patch 2014-12-15

 -- Marcus Klein <marcus.klein@open-xchange.com>  Mon, 08 Dec 2014 16:12:46 +0100

open-xchange-calendar-printing (7.6.1-12) stable; urgency=medium

  * Build for patch 2014-12-03

 -- Marcus Klein <marcus.klein@open-xchange.com>  Tue, 02 Dec 2014 17:08:12 +0100

open-xchange-calendar-printing (7.6.1-11) stable; urgency=low

  * Build for patch 2014-12-01

 -- Marcus Klein <marcus.klein@open-xchange.com>  Tue, 25 Nov 2014 11:51:28 +0100

open-xchange-calendar-printing (7.6.1-10) stable; urgency=medium

  * Build for patch 2014-12-01

 -- Marcus Klein <marcus.klein@open-xchange.com>  Mon, 24 Nov 2014 09:58:50 +0100

open-xchange-calendar-printing (7.6.1-9) stable; urgency=low

  * Build for patch 2014-11-20

 -- Marcus Klein <marcus.klein@open-xchange.com>  Tue, 18 Nov 2014 15:59:35 +0100

open-xchange-calendar-printing (7.6.1-8) stable; urgency=low

  * Build for patch 2014-11-17

 -- Marcus Klein <marcus.klein@open-xchange.com>  Mon, 10 Nov 2014 12:23:14 +0100

open-xchange-calendar-printing (7.6.1-7) stable; urgency=low

  * Build for patch 2014-10-30

 -- Marcus Klein <marcus.klein@open-xchange.com>  Mon, 27 Oct 2014 09:43:47 +0100

open-xchange-calendar-printing (7.6.1-6) stable; urgency=medium

  * Build for patch 2014-10-24

 -- Marcus Klein <marcus.klein@open-xchange.com>  Fri, 17 Oct 2014 12:07:27 +0200

open-xchange-calendar-printing (7.6.1-5) stable; urgency=low

  * Fifth candidate for 7.6.1 release

 -- Marcus Klein <marcus.klein@open-xchange.com>  Tue, 14 Oct 2014 14:23:06 +0200

open-xchange-calendar-printing (7.6.1-4) stable; urgency=low

  * Fourth candidate for 7.6.1 release

 -- Marcus Klein <marcus.klein@open-xchange.com>  Fri, 10 Oct 2014 14:58:49 +0200

open-xchange-calendar-printing (7.6.1-3) stable; urgency=medium

  * Third release candidate for 7.6.1

 -- Marcus Klein <marcus.klein@open-xchange.com>  Thu, 02 Oct 2014 14:03:54 +0200

open-xchange-calendar-printing (7.6.1-2) stable; urgency=low

  * Second release candidate for 7.6.1

 -- Marcus Klein <marcus.klein@open-xchange.com>  Tue, 16 Sep 2014 15:46:48 +0200

open-xchange-calendar-printing (7.6.1-1) stable; urgency=low

  * First release candidate for 7.6.1

 -- Marcus Klein <marcus.klein@open-xchange.com>  Fri, 05 Sep 2014 14:29:35 +0200

open-xchange-calendar-printing (7.6.1-0) unstable; urgency=medium

  * prepare for 7.6.1

 -- Marcus Klein <marcus.klein@open-xchange.com>  Thu, 26 Jun 2014 11:39:34 +0200

open-xchange-calendar-printing (7.6.0-38) stable; urgency=low

  * Build for patch 2015-02-23

 -- Marcus Klein <marcus.klein@open-xchange.com>  Thu, 12 Feb 2015 10:52:47 +0100

open-xchange-calendar-printing (7.6.0-37) stable; urgency=low

  * Build for patch 2015-01-29

 -- Marcus Klein <marcus.klein@open-xchange.com>  Wed, 21 Jan 2015 09:39:34 +0100

open-xchange-calendar-printing (7.6.0-36) stable; urgency=low

  * Build for patch 2015-01-12

 -- Marcus Klein <marcus.klein@open-xchange.com>  Tue, 30 Dec 2014 15:31:11 +0100

open-xchange-calendar-printing (7.6.0-35) stable; urgency=low

  * Build for patch 2014-12-10

 -- Marcus Klein <marcus.klein@open-xchange.com>  Tue, 16 Dec 2014 09:41:23 +0100

open-xchange-calendar-printing (7.6.0-34) stable; urgency=medium

  * Build for patch 2014-12-10

 -- Marcus Klein <marcus.klein@open-xchange.com>  Mon, 08 Dec 2014 16:12:44 +0100

open-xchange-calendar-printing (7.6.0-33) stable; urgency=medium

  * Build for patch 2014-12-09

 -- Marcus Klein <marcus.klein@open-xchange.com>  Thu, 04 Dec 2014 14:04:23 +0100

open-xchange-calendar-printing (7.6.0-32) stable; urgency=medium

  * Build for patch 2014-12-01

 -- Marcus Klein <marcus.klein@open-xchange.com>  Mon, 24 Nov 2014 16:01:56 +0100

open-xchange-calendar-printing (7.6.0-31) stable; urgency=medium

  * Build for patch 2014-11-21

 -- Marcus Klein <marcus.klein@open-xchange.com>  Wed, 19 Nov 2014 16:48:30 +0100

open-xchange-calendar-printing (7.6.0-30) stable; urgency=medium

  * Build for patch 2014-11-17

 -- Marcus Klein <marcus.klein@open-xchange.com>  Mon, 10 Nov 2014 09:41:59 +0100

open-xchange-calendar-printing (7.6.0-29) stable; urgency=medium

  * Build for patch 2014-11-10

 -- Marcus Klein <marcus.klein@open-xchange.com>  Tue, 04 Nov 2014 12:11:44 +0100

open-xchange-calendar-printing (7.6.0-28) stable; urgency=low

  * Build for patch 2014-11-03

 -- Marcus Klein <marcus.klein@open-xchange.com>  Tue, 28 Oct 2014 13:59:14 +0100

open-xchange-calendar-printing (7.6.0-27) stable; urgency=medium

  * Build for patch 2014-11-04

 -- Marcus Klein <marcus.klein@open-xchange.com>  Fri, 24 Oct 2014 16:49:02 +0200

open-xchange-calendar-printing (7.6.0-26) stable; urgency=medium

  * Build for patch 2014-10-22

 -- Marcus Klein <marcus.klein@open-xchange.com>  Fri, 24 Oct 2014 08:55:38 +0200

open-xchange-calendar-printing (7.6.0-25) stable; urgency=low

  * Build for patch 2014-10-20

 -- Marcus Klein <marcus.klein@open-xchange.com>  Fri, 10 Oct 2014 12:12:16 +0200

open-xchange-calendar-printing (7.6.0-24) stable; urgency=low

  * Build for patch 2014-10-13

 -- Marcus Klein <marcus.klein@open-xchange.com>  Thu, 09 Oct 2014 10:57:07 +0200

open-xchange-calendar-printing (7.6.0-23) stable; urgency=low

  * Build for patch 2014-10-09

 -- Marcus Klein <marcus.klein@open-xchange.com>  Tue, 07 Oct 2014 15:19:00 +0200

open-xchange-calendar-printing (7.6.0-22) stable; urgency=low

  * Build for patch 2014-10-10

 -- Marcus Klein <marcus.klein@open-xchange.com>  Tue, 07 Oct 2014 14:42:51 +0200

open-xchange-calendar-printing (7.6.0-21) stable; urgency=medium

  * Build for patch 2014-10-06

 -- Marcus Klein <marcus.klein@open-xchange.com>  Tue, 30 Sep 2014 12:50:29 +0200

open-xchange-calendar-printing (7.6.0-20) stable; urgency=low

  * Build for patch 2014-09-29

 -- Marcus Klein <marcus.klein@open-xchange.com>  Fri, 26 Sep 2014 12:22:17 +0200

open-xchange-calendar-printing (7.6.0-19) stable; urgency=medium

  * Build for patch 2014-10-02

 -- Marcus Klein <marcus.klein@open-xchange.com>  Tue, 23 Sep 2014 10:47:14 +0200

open-xchange-calendar-printing (7.6.0-18) stable; urgency=medium

  * Build for patch 2014-09-23

 -- Marcus Klein <marcus.klein@open-xchange.com>  Thu, 18 Sep 2014 11:59:49 +0200

open-xchange-calendar-printing (7.6.0-17) stable; urgency=medium

  * Build for patch 2014-09-15

 -- Marcus Klein <marcus.klein@open-xchange.com>  Mon, 08 Sep 2014 10:27:36 +0200

open-xchange-calendar-printing (7.6.0-16) stable; urgency=low

  * Build for patch 2014-08-25

 -- Marcus Klein <marcus.klein@open-xchange.com>  Thu, 21 Aug 2014 09:08:02 +0200

open-xchange-calendar-printing (7.6.0-15) stable; urgency=low

  * Build for patch 2014-08-25

 -- Marcus Klein <marcus.klein@open-xchange.com>  Mon, 18 Aug 2014 09:55:21 +0200

open-xchange-calendar-printing (7.6.0-14) stable; urgency=low

  * Build for patch 2014-08-06

 -- Marcus Klein <marcus.klein@open-xchange.com>  Tue, 05 Aug 2014 15:25:44 +0200

open-xchange-calendar-printing (7.6.0-13) stable; urgency=low

  * Build for patch 2014-08-11

 -- Marcus Klein <marcus.klein@open-xchange.com>  Mon, 04 Aug 2014 17:08:41 +0200

open-xchange-calendar-printing (7.6.0-12) stable; urgency=low

  * Build for patch 2014-07-30

 -- Marcus Klein <marcus.klein@open-xchange.com>  Mon, 28 Jul 2014 08:43:20 +0200

open-xchange-calendar-printing (7.6.0-11) stable; urgency=low

  * Build for patch 2014-07-21

 -- Marcus Klein <marcus.klein@open-xchange.com>  Tue, 15 Jul 2014 15:54:19 +0200

open-xchange-calendar-printing (7.6.0-10) stable; urgency=low

  * Build for patch 2014-07-24

 -- Marcus Klein <marcus.klein@open-xchange.com>  Mon, 14 Jul 2014 12:51:04 +0200

open-xchange-calendar-printing (7.6.0-9) stable; urgency=low

  * Build for patch 2014-07-15

 -- Marcus Klein <marcus.klein@open-xchange.com>  Thu, 10 Jul 2014 12:16:16 +0200

open-xchange-calendar-printing (7.6.0-8) stable; urgency=low

  * Build for patch 2014-07-07

 -- Marcus Klein <marcus.klein@open-xchange.com>  Tue, 01 Jul 2014 13:21:17 +0200

open-xchange-calendar-printing (7.6.0-7) stable; urgency=low

  * Seventh candidate for 7.6.0 release

 -- Marcus Klein <marcus.klein@open-xchange.com>  Mon, 23 Jun 2014 13:21:46 +0200

open-xchange-calendar-printing (7.6.0-6) stable; urgency=low

  * Sixth release candidate for 7.6.0

 -- Marcus Klein <marcus.klein@open-xchange.com>  Fri, 20 Jun 2014 13:05:02 +0200

open-xchange-calendar-printing (7.6.0-5) stable; urgency=low

  * Fifth release candidate for 7.6.0

 -- Marcus Klein <marcus.klein@open-xchange.com>  Fri, 13 Jun 2014 16:39:08 +0200

open-xchange-calendar-printing (7.6.0-4) stable; urgency=low

  * Fourth release candidate for 7.6.0

 -- Marcus Klein <marcus.klein@open-xchange.com>  Fri, 30 May 2014 13:46:19 +0200

open-xchange-calendar-printing (7.6.0-3) stable; urgency=low

  * Third release candidate for 7.6.0

 -- Marcus Klein <marcus.klein@open-xchange.com>  Fri, 16 May 2014 13:18:36 +0200

open-xchange-calendar-printing (7.6.0-2) stable; urgency=low

  * Second release candidate for 7.6.0

 -- Marcus Klein <marcus.klein@open-xchange.com>  Mon, 05 May 2014 11:25:41 +0200

open-xchange-calendar-printing (7.6.0-1) stable; urgency=low

  * First release candidate for 7.6.0

 -- Marcus Klein <marcus.klein@open-xchange.com>  Fri, 11 Apr 2014 16:20:49 +0200

open-xchange-calendar-printing (7.6.0-0) unstable; urgency=low

  * prepare for 7.6.0

 -- Marcus Klein <marcus.klein@open-xchange.com>  Wed, 12 Feb 2014 09:35:33 +0100

open-xchange-calendar-printing (7.4.2-43) stable; urgency=low

  * Build for patch 2015-02-23

 -- Marcus Klein <marcus.klein@open-xchange.com>  Thu, 12 Feb 2015 10:42:38 +0100

open-xchange-calendar-printing (7.4.2-42) stable; urgency=low

  * Build for patch 2015-01-12

 -- Marcus Klein <marcus.klein@open-xchange.com>  Mon, 05 Jan 2015 16:10:48 +0100

open-xchange-calendar-printing (7.4.2-41) stable; urgency=low

  * Build for patch 2014-12-15

 -- Marcus Klein <marcus.klein@open-xchange.com>  Mon, 08 Dec 2014 16:08:09 +0100

open-xchange-calendar-printing (7.4.2-40) stable; urgency=medium

  * Build for patch 2014-12-01

 -- Marcus Klein <marcus.klein@open-xchange.com>  Thu, 20 Nov 2014 17:31:50 +0100

open-xchange-calendar-printing (7.4.2-39) stable; urgency=low

  * Build for patch 2014-11-17

 -- Marcus Klein <marcus.klein@open-xchange.com>  Mon, 10 Nov 2014 09:44:48 +0100

open-xchange-calendar-printing (7.4.2-38) stable; urgency=medium

  * Build for patch 2014-11-03

 -- Marcus Klein <marcus.klein@open-xchange.com>  Fri, 24 Oct 2014 11:25:52 +0200

open-xchange-calendar-printing (7.4.2-37) stable; urgency=low

  * Build for patch 2014-10-20

 -- Marcus Klein <marcus.klein@open-xchange.com>  Fri, 10 Oct 2014 17:04:54 +0200

open-xchange-calendar-printing (7.4.2-36) stable; urgency=low

  * Build for patch 2014-10-09

 -- Marcus Klein <marcus.klein@open-xchange.com>  Tue, 07 Oct 2014 15:34:31 +0200

open-xchange-calendar-printing (7.4.2-35) stable; urgency=low

  * Build for patch 2014-10-06

 -- Marcus Klein <marcus.klein@open-xchange.com>  Fri, 26 Sep 2014 10:58:22 +0200

open-xchange-calendar-printing (7.4.2-34) stable; urgency=medium

  * Build for patch 2014-09-15

 -- Marcus Klein <marcus.klein@open-xchange.com>  Mon, 08 Sep 2014 09:09:01 +0200

open-xchange-calendar-printing (7.4.2-33) stable; urgency=low

  * Build for patch 2014-08-25

 -- Marcus Klein <marcus.klein@open-xchange.com>  Wed, 20 Aug 2014 11:47:17 +0200

open-xchange-calendar-printing (7.4.2-32) stable; urgency=low

  * Build for patch 2014-08-15

 -- Marcus Klein <marcus.klein@open-xchange.com>  Wed, 13 Aug 2014 15:57:45 +0200

open-xchange-calendar-printing (7.4.2-31) stable; urgency=low

  * Build for patch 2014-08-11

 -- Marcus Klein <marcus.klein@open-xchange.com>  Mon, 04 Aug 2014 17:02:16 +0200

open-xchange-calendar-printing (7.4.2-30) stable; urgency=low

  * Build for patch 2014-07-28

 -- Marcus Klein <marcus.klein@open-xchange.com>  Mon, 21 Jul 2014 09:18:50 +0200

open-xchange-calendar-printing (7.4.2-29) stable; urgency=low

  * Build for patch 2014-07-14

 -- Marcus Klein <marcus.klein@open-xchange.com>  Mon, 07 Jul 2014 16:25:40 +0200

open-xchange-calendar-printing (7.4.2-28) stable; urgency=low

  * Build for patch 2014-07-07

 -- Marcus Klein <marcus.klein@open-xchange.com>  Mon, 07 Jul 2014 15:26:16 +0200

open-xchange-calendar-printing (7.4.2-27) stable; urgency=low

  * Build for patch 2014-06-30

 -- Marcus Klein <marcus.klein@open-xchange.com>  Wed, 18 Jun 2014 14:58:32 +0200

open-xchange-calendar-printing (7.4.2-26) stable; urgency=low

  * Build for patch 2014-06-23

 -- Marcus Klein <marcus.klein@open-xchange.com>  Fri, 13 Jun 2014 09:31:40 +0200

open-xchange-calendar-printing (7.4.2-25) stable; urgency=low

  * Build for patch 2014-06-16

 -- Marcus Klein <marcus.klein@open-xchange.com>  Thu, 05 Jun 2014 16:01:09 +0200

open-xchange-calendar-printing (7.4.2-24) stable; urgency=low

  * Build for patch 2014-05-26

 -- Marcus Klein <marcus.klein@open-xchange.com>  Thu, 22 May 2014 12:44:37 +0200

open-xchange-calendar-printing (7.4.2-23) stable; urgency=low

  * Build for patch 2014-05-26

 -- Marcus Klein <marcus.klein@open-xchange.com>  Fri, 16 May 2014 17:01:21 +0200

open-xchange-calendar-printing (7.4.2-22) stable; urgency=low

  * Build for patch 2014-05-05

 -- Marcus Klein <marcus.klein@open-xchange.com>  Wed, 07 May 2014 10:41:03 +0200

open-xchange-calendar-printing (7.4.2-21) stable; urgency=low

  * Build for patch 2014-04-29

 -- Marcus Klein <marcus.klein@open-xchange.com>  Fri, 25 Apr 2014 15:13:46 +0200

open-xchange-calendar-printing (7.4.2-20) stable; urgency=low

  * Build for patch 2014-04-22

 -- Marcus Klein <marcus.klein@open-xchange.com>  Tue, 15 Apr 2014 08:42:39 +0200

open-xchange-calendar-printing (7.4.2-19) stable; urgency=low

  * Build for patch 2014-04-11

 -- Marcus Klein <marcus.klein@open-xchange.com>  Thu, 10 Apr 2014 14:55:33 +0200

open-xchange-calendar-printing (7.4.2-18) stable; urgency=low

  * Build for patch 2014-04-07

 -- Marcus Klein <marcus.klein@open-xchange.com>  Thu, 03 Apr 2014 15:07:02 +0200

open-xchange-calendar-printing (7.4.2-17) stable; urgency=low

  * Build for patch 2014-03-31

 -- Marcus Klein <marcus.klein@open-xchange.com>  Mon, 31 Mar 2014 10:22:07 +0200

open-xchange-calendar-printing (7.4.2-16) stable; urgency=low

  * Build for patch 2014-03-21

 -- Marcus Klein <marcus.klein@open-xchange.com>  Wed, 19 Mar 2014 12:22:26 +0100

open-xchange-calendar-printing (7.4.2-15) stable; urgency=low

  * Build for patch 2014-03-24

 -- Marcus Klein <marcus.klein@open-xchange.com>  Mon, 17 Mar 2014 14:05:33 +0100

open-xchange-calendar-printing (7.4.2-14) stable; urgency=low

  * Build for patch 2014-03-13

 -- Marcus Klein <marcus.klein@open-xchange.com>  Thu, 13 Mar 2014 14:35:18 +0100

open-xchange-calendar-printing (7.4.2-13) stable; urgency=low

  * Build for patch 2013-03-12

 -- Marcus Klein <marcus.klein@open-xchange.com>  Mon, 10 Mar 2014 10:34:37 +0100

open-xchange-calendar-printing (7.4.2-12) stable; urgency=low

  * Build for patch 2013-03-07

 -- Marcus Klein <marcus.klein@open-xchange.com>  Fri, 07 Mar 2014 17:28:18 +0100

open-xchange-calendar-printing (7.4.2-11) stable; urgency=low

  * Build for patch 2013-03-05

 -- Marcus Klein <marcus.klein@open-xchange.com>  Tue, 04 Mar 2014 15:20:25 +0100

open-xchange-calendar-printing (7.4.2-10) stable; urgency=low

  * Build for patch 2014-03-10

 -- Marcus Klein <marcus.klein@open-xchange.com>  Tue, 25 Feb 2014 16:10:01 +0100

open-xchange-calendar-printing (7.4.2-9) stable; urgency=low

  * Build for patch 2014-02-26

 -- Marcus Klein <marcus.klein@open-xchange.com>  Tue, 25 Feb 2014 14:08:04 +0100

open-xchange-calendar-printing (7.4.2-8) stable; urgency=low

  * Build for patch 2014-02-28

 -- Marcus Klein <marcus.klein@open-xchange.com>  Fri, 21 Feb 2014 11:06:24 +0100

open-xchange-calendar-printing (7.4.2-7) stable; urgency=low

  * Build for patch 2014-02-26

 -- Marcus Klein <marcus.klein@open-xchange.com>  Fri, 21 Feb 2014 08:27:20 +0100

open-xchange-calendar-printing (7.4.2-6) stable; urgency=low

  * Sixth release candidate for 7.4.2

 -- Marcus Klein <marcus.klein@open-xchange.com>  Fri, 07 Feb 2014 13:39:57 +0100

open-xchange-calendar-printing (7.4.2-5) stable; urgency=low

  * Fifth release candidate for 7.4.2

 -- Marcus Klein <marcus.klein@open-xchange.com>  Thu, 06 Feb 2014 15:09:49 +0100

open-xchange-calendar-printing (7.4.2-4) stable; urgency=low

  * Fourth release candidate for 7.4.2

 -- Marcus Klein <marcus.klein@open-xchange.com>  Tue, 04 Feb 2014 16:43:46 +0100

open-xchange-calendar-printing (7.4.2-3) stable; urgency=low

  * Third release candidate for 7.4.2

 -- Marcus Klein <marcus.klein@open-xchange.com>  Thu, 23 Jan 2014 16:00:58 +0100

open-xchange-calendar-printing (7.4.2-2) stable; urgency=low

  * Second release candidate for 7.4.2

 -- Marcus Klein <marcus.klein@open-xchange.com>  Fri, 10 Jan 2014 16:10:42 +0100

open-xchange-calendar-printing (7.4.2-1) stable; urgency=low

  * First release candidate for 7.4.2

 -- Marcus Klein <marcus.klein@open-xchange.com>  Mon, 23 Dec 2013 12:47:58 +0100

open-xchange-calendar-printing (7.4.2-0) unstable; urgency=low

  * prepare for 7.4.2

 -- Marcus Klein <marcus.klein@open-xchange.com>  Wed, 18 Dec 2013 17:33:47 +0100

open-xchange-calendar-printing (7.4.1-21) stable; urgency=low

  * Build for patch 2014-02-11

 -- Marcus Klein <marcus.klein@open-xchange.com>  Thu, 06 Feb 2014 11:56:43 +0100

open-xchange-calendar-printing (7.4.1-20) stable; urgency=low

  * Build for patch 2014-02-03

 -- Marcus Klein <marcus.klein@open-xchange.com>  Thu, 30 Jan 2014 12:19:25 +0100

open-xchange-calendar-printing (7.4.1-19) stable; urgency=low

  * Build for patch 2014-01-30

 -- Marcus Klein <marcus.klein@open-xchange.com>  Wed, 29 Jan 2014 11:04:32 +0100

open-xchange-calendar-printing (7.4.1-18) stable; urgency=low

  * Build for patch 2014-01-31

 -- Marcus Klein <marcus.klein@open-xchange.com>  Tue, 28 Jan 2014 15:09:38 +0100

open-xchange-calendar-printing (7.4.1-17) stable; urgency=low

  * Build for patch 2014-01-30

 -- Marcus Klein <marcus.klein@open-xchange.com>  Tue, 28 Jan 2014 10:25:20 +0100

open-xchange-calendar-printing (7.4.1-16) stable; urgency=low

  * Build for patch 2014-01-20

 -- Marcus Klein <marcus.klein@open-xchange.com>  Mon, 20 Jan 2014 10:36:24 +0100

open-xchange-calendar-printing (7.4.1-15) stable; urgency=low

  * Build for patch 2014-01-16

 -- Marcus Klein <marcus.klein@open-xchange.com>  Thu, 16 Jan 2014 10:59:12 +0100

open-xchange-calendar-printing (7.4.1-14) stable; urgency=low

  * Build for patch 2014-01-14

 -- Marcus Klein <marcus.klein@open-xchange.com>  Mon, 13 Jan 2014 13:11:31 +0100

open-xchange-calendar-printing (7.4.1-13) stable; urgency=low

  * Build for patch 2014-01-06

 -- Marcus Klein <marcus.klein@open-xchange.com>  Fri, 03 Jan 2014 15:39:46 +0100

open-xchange-calendar-printing (7.4.1-12) stable; urgency=low

  * Build for patch 2013-12-09

 -- Marcus Klein <marcus.klein@open-xchange.com>  Mon, 23 Dec 2013 16:24:25 +0100

open-xchange-calendar-printing (7.4.1-11) stable; urgency=low

  * Build for patch 2013-12-23

 -- Marcus Klein <marcus.klein@open-xchange.com>  Thu, 19 Dec 2013 09:07:25 +0100

open-xchange-calendar-printing (7.4.1-10) stable; urgency=low

  * Build for patch 2013-12-18

 -- Marcus Klein <marcus.klein@open-xchange.com>  Tue, 17 Dec 2013 10:15:46 +0100

open-xchange-calendar-printing (7.4.1-9) stable; urgency=low

  * Build for patch 2013-12-12

 -- Marcus Klein <marcus.klein@open-xchange.com>  Thu, 12 Dec 2013 11:41:00 +0100

open-xchange-calendar-printing (7.4.1-8) stable; urgency=low

  * Build for patch 2013-12-09

 -- Marcus Klein <marcus.klein@open-xchange.com>  Mon, 09 Dec 2013 11:46:07 +0100

open-xchange-calendar-printing (7.4.1-7) stable; urgency=low

  * Build for patch 2013-12-10

 -- Marcus Klein <marcus.klein@open-xchange.com>  Fri, 06 Dec 2013 09:22:05 +0100

open-xchange-calendar-printing (7.4.1-6) stable; urgency=low

  * Build for patch 2013-11-28

 -- Marcus Klein <marcus.klein@open-xchange.com>  Tue, 03 Dec 2013 10:16:55 +0100

open-xchange-calendar-printing (7.4.1-5) stable; urgency=low

  * Fifth candidate for 7.4.1 release

 -- Marcus Klein <marcus.klein@open-xchange.com>  Wed, 20 Nov 2013 11:37:23 +0100

open-xchange-calendar-printing (7.4.1-4) stable; urgency=low

  * Fourth candidate for 7.4.1 release

 -- Marcus Klein <marcus.klein@open-xchange.com>  Tue, 19 Nov 2013 12:40:19 +0100

open-xchange-calendar-printing (7.4.1-3) stable; urgency=low

  * Third candidate for 7.4.1 release

 -- Marcus Klein <marcus.klein@open-xchange.com>  Thu, 07 Nov 2013 09:52:00 +0100

open-xchange-calendar-printing (7.4.1-2) stable; urgency=low

  * Second candidate for 7.4.1 release

 -- Marcus Klein <marcus.klein@open-xchange.com>  Wed, 23 Oct 2013 08:56:50 +0200

open-xchange-calendar-printing (7.4.1-1) stable; urgency=low

  * First sprint increment for 7.4.0 release

 -- Marcus Klein <marcus.klein@open-xchange.com>  Thu, 10 Oct 2013 17:23:58 +0200

open-xchange-calendar-printing (7.4.1-0) unstable; urgency=low

  * prepare for 7.4.1 release

 -- Marcus Klein <marcus.klein@open-xchange.com>  Fri, 20 Sep 2013 11:43:47 +0200

open-xchange-calendar-printing (7.4.0-29) stable; urgency=low

  * Build for patch 2014-02-20

 -- Marcus Klein <marcus.klein@open-xchange.com>  Tue, 18 Feb 2014 09:58:35 +0100

open-xchange-calendar-printing (7.4.0-28) stable; urgency=low

  * Build for patch 2014-02-03

 -- Marcus Klein <marcus.klein@open-xchange.com>  Fri, 31 Jan 2014 12:19:55 +0100

open-xchange-calendar-printing (7.4.0-27) stable; urgency=low

  * Build for patch 2014-01-30

 -- Marcus Klein <marcus.klein@open-xchange.com>  Tue, 28 Jan 2014 12:10:33 +0100

open-xchange-calendar-printing (7.4.0-26) stable; urgency=low

  * Build for patch 2013-12-17

 -- Marcus Klein <marcus.klein@open-xchange.com>  Fri, 24 Jan 2014 14:56:34 +0100

open-xchange-calendar-printing (7.4.0-25) stable; urgency=low

  * Build for patch 2013-12-17

 -- Marcus Klein <marcus.klein@open-xchange.com>  Fri, 10 Jan 2014 10:08:16 +0100

open-xchange-calendar-printing (7.4.0-24) stable; urgency=low

  * Build for patch 2013-12-23

 -- Marcus Klein <marcus.klein@open-xchange.com>  Thu, 19 Dec 2013 09:06:36 +0100

open-xchange-calendar-printing (7.4.0-23) stable; urgency=low

  * Build for patch 2013-12-19

 -- Marcus Klein <marcus.klein@open-xchange.com>  Tue, 17 Dec 2013 10:46:55 +0100

open-xchange-calendar-printing (7.4.0-22) stable; urgency=low

  * Build for patch 2013-12-16

 -- Marcus Klein <marcus.klein@open-xchange.com>  Tue, 17 Dec 2013 09:34:01 +0100

open-xchange-calendar-printing (7.4.0-21) stable; urgency=low

  * Build for patch 2013-12-12

 -- Marcus Klein <marcus.klein@open-xchange.com>  Thu, 12 Dec 2013 11:40:35 +0100

open-xchange-calendar-printing (7.4.0-20) stable; urgency=low

  * Build for patch 2013-11-12

 -- Marcus Klein <marcus.klein@open-xchange.com>  Mon, 11 Nov 2013 17:17:37 +0100

open-xchange-calendar-printing (7.4.0-19) stable; urgency=low

  * Build for patch 2013-11-11

 -- Marcus Klein <marcus.klein@open-xchange.com>  Fri, 08 Nov 2013 10:12:03 +0100

open-xchange-calendar-printing (7.4.0-18) stable; urgency=low

  * Build for patch 2013-11-12

 -- Marcus Klein <marcus.klein@open-xchange.com>  Tue, 05 Nov 2013 12:56:23 +0100

open-xchange-calendar-printing (7.4.0-18) stable; urgency=low

  * Build for patch 2013-11-08

 -- Marcus Klein <marcus.klein@open-xchange.com>  Thu, 07 Nov 2013 17:15:07 +0100

open-xchange-calendar-printing (7.4.0-17) stable; urgency=low

  * Build for patch 2013-10-28

 -- Marcus Klein <marcus.klein@open-xchange.com>  Wed, 30 Oct 2013 10:21:35 +0100

open-xchange-calendar-printing (7.4.0-16) stable; urgency=low

  * Build for patch 2013-10-30

 -- Marcus Klein <marcus.klein@open-xchange.com>  Thu, 24 Oct 2013 16:14:13 +0200

open-xchange-calendar-printing (7.4.0-15) stable; urgency=low

  * Build for patch 2013-10-23

 -- Marcus Klein <marcus.klein@open-xchange.com>  Tue, 22 Oct 2013 12:18:30 +0200

open-xchange-calendar-printing (7.4.0-14) stable; urgency=low

  * Build for patch 2013-10-21

 -- Marcus Klein <marcus.klein@open-xchange.com>  Mon, 21 Oct 2013 13:19:36 +0200

open-xchange-calendar-printing (7.4.0-13) stable; urgency=low

  * Build for patch 2013-10-09

 -- Marcus Klein <marcus.klein@open-xchange.com>  Wed, 09 Oct 2013 16:19:24 +0200

open-xchange-calendar-printing (7.4.0-12) stable; urgency=low

  * Build for patch 2013-10-07

 -- Marcus Klein <marcus.klein@open-xchange.com>  Wed, 09 Oct 2013 10:23:51 +0200

open-xchange-calendar-printing (7.4.0-11) stable; urgency=low

  * Eleventh candidate for 7.4.0 release

 -- Marcus Klein <marcus.klein@open-xchange.com>  Tue, 24 Sep 2013 09:39:23 +0200

open-xchange-calendar-printing (7.4.0-10) stable; urgency=low

  * Tenth candidate for 7.4.0 release

 -- Marcus Klein <marcus.klein@open-xchange.com>  Fri, 20 Sep 2013 10:18:33 +0200

open-xchange-calendar-printing (7.4.0-9) stable; urgency=low

  * Ninth candidate for 7.4.0 release

 -- Marcus Klein <marcus.klein@open-xchange.com>  Thu, 12 Sep 2013 17:16:15 +0200

open-xchange-calendar-printing (7.4.0-8) stable; urgency=low

  * Eighth candidate for 7.4.0 release

 -- Marcus Klein <marcus.klein@open-xchange.com>  Mon, 02 Sep 2013 12:18:40 +0200

open-xchange-calendar-printing (7.4.0-7) stable; urgency=low

  * Seventh candidate for 7.4.0 release

 -- Marcus Klein <marcus.klein@open-xchange.com>  Tue, 27 Aug 2013 13:43:54 +0200

open-xchange-calendar-printing (7.4.0-6) stable; urgency=low

  * Sixth candidate for 7.4.0 release

 -- Marcus Klein <marcus.klein@open-xchange.com>  Fri, 23 Aug 2013 12:08:51 +0200

open-xchange-calendar-printing (7.4.0-5) stable; urgency=low

  * Fifth release candidate for 7.4.0

 -- Marcus Klein <marcus.klein@open-xchange.com>  Mon, 19 Aug 2013 11:54:12 +0200

open-xchange-calendar-printing (7.4.0-4) stable; urgency=low

  * Fourth release candidate for 7.4.0

 -- Marcus Klein <marcus.klein@open-xchange.com>  Tue, 13 Aug 2013 08:26:27 +0200

open-xchange-calendar-printing (7.4.0-3) stable; urgency=low

  * Third release candidate for 7.4.0

 -- Marcus Klein <marcus.klein@open-xchange.com>  Tue, 06 Aug 2013 11:41:57 +0200

open-xchange-calendar-printing (7.4.0-2) stable; urgency=low

  * Second release candidate for 7.4.0

 -- Marcus Klein <marcus.klein@open-xchange.com>  Fri, 02 Aug 2013 13:42:34 +0200

open-xchange-calendar-printing (7.4.0-1) stable; urgency=low

  * First release candidate for 7.4.0

 -- Marcus Klein <marcus.klein@open-xchange.com>  Wed, 17 Jul 2013 10:19:17 +0200

open-xchange-calendar-printing (7.4.0-0) unstable; urgency=low

  * prepare for 7.4.0

 -- Marcus Klein <marcus.klein@open-xchange.com>  Tue, 16 Jul 2013 15:15:29 +0200

open-xchange-calendar-printing (7.2.2-28) stable; urgency=low

  * Build for patch 2014-01-30

 -- Marcus Klein <marcus.klein@open-xchange.com>  Mon, 27 Jan 2014 17:10:09 +0100

open-xchange-calendar-printing (7.2.2-27) stable; urgency=low

  * Build for patch 2014-01-22

 -- Marcus Klein <marcus.klein@open-xchange.com>  Wed, 22 Jan 2014 17:02:44 +0100

open-xchange-calendar-printing (7.2.2-26) stable; urgency=low

  * Build for patch 2013-12-23

 -- Marcus Klein <marcus.klein@open-xchange.com>  Thu, 19 Dec 2013 09:07:01 +0100

open-xchange-calendar-printing (7.2.2-25) stable; urgency=low

  * Build for patch 2013-11-29

 -- Marcus Klein <marcus.klein@open-xchange.com>  Fri, 06 Dec 2013 13:36:10 +0100

open-xchange-calendar-printing (7.2.2-24) stable; urgency=low

  * Build for patch 2013-11-12

 -- Marcus Klein <marcus.klein@open-xchange.com>  Mon, 11 Nov 2013 12:39:03 +0100

open-xchange-calendar-printing (7.2.2-23) stable; urgency=low

  * Build for patch 2013-10-30

 -- Marcus Klein <marcus.klein@open-xchange.com>  Thu, 24 Oct 2013 15:56:46 +0200

open-xchange-calendar-printing (7.2.2-22) stable; urgency=low

  * Build for patch 2013-10-21

 -- Marcus Klein <marcus.klein@open-xchange.com>  Thu, 17 Oct 2013 09:00:49 +0200

open-xchange-calendar-printing (7.2.2-21) stable; urgency=low

  * Build for patch 2013-10-11

 -- Marcus Klein <marcus.klein@open-xchange.com>  Tue, 15 Oct 2013 11:58:42 +0200

open-xchange-calendar-printing (7.2.2-20) stable; urgency=low

  * Build for patch 2013-10-21

 -- Marcus Klein <marcus.klein@open-xchange.com>  Mon, 14 Oct 2013 11:03:17 +0200

open-xchange-calendar-printing (7.2.2-19) stable; urgency=low

  * Build for patch 2013-10-15

 -- Marcus Klein <marcus.klein@open-xchange.com>  Mon, 14 Oct 2013 10:20:41 +0200

open-xchange-calendar-printing (7.2.2-18) stable; urgency=low

  * Build for patch 2013-09-23

 -- Marcus Klein <marcus.klein@open-xchange.com>  Thu, 26 Sep 2013 12:27:29 +0200

open-xchange-calendar-printing (7.2.2-17) stable; urgency=low

  * Build for patch 2013-09-12

 -- Marcus Klein <marcus.klein@open-xchange.com>  Wed, 11 Sep 2013 15:11:32 +0200

open-xchange-calendar-printing (7.2.2-16) stable; urgency=low

  * Build for patch 2013-09-05

 -- Marcus Klein <marcus.klein@open-xchange.com>  Thu, 05 Sep 2013 10:40:03 +0200

open-xchange-calendar-printing (7.2.2-15) stable; urgency=low

  * Build for patch 2013-09-26

 -- Marcus Klein <marcus.klein@open-xchange.com>  Mon, 02 Sep 2013 13:34:48 +0200

open-xchange-calendar-printing (7.2.2-14) stable; urgency=low

  * Build for patch 2013-08-30

 -- Marcus Klein <marcus.klein@open-xchange.com>  Fri, 30 Aug 2013 10:54:24 +0200

open-xchange-calendar-printing (7.2.2-13) stable; urgency=low

  * Build for patch 2013-08-22

 -- Marcus Klein <marcus.klein@open-xchange.com>  Thu, 22 Aug 2013 14:48:04 +0200

open-xchange-calendar-printing (7.2.2-12) stable; urgency=low

  * Build for patch 2013-08-19

 -- Marcus Klein <marcus.klein@open-xchange.com>  Tue, 20 Aug 2013 09:17:56 +0200

open-xchange-calendar-printing (7.2.2-11) stable; urgency=low

  * Build for patch 2013-08-21

 -- Marcus Klein <marcus.klein@open-xchange.com>  Mon, 19 Aug 2013 12:08:19 +0200

open-xchange-calendar-printing (7.2.2-10) stable; urgency=low

  * Build for patch 2013-08-09

 -- Marcus Klein <marcus.klein@open-xchange.com>  Mon, 05 Aug 2013 10:08:58 +0200

open-xchange-calendar-printing (7.2.2-9) stable; urgency=low

  * Build for patch 2013-07-18

 -- Marcus Klein <marcus.klein@open-xchange.com>  Fri, 12 Jul 2013 16:27:04 +0200

open-xchange-calendar-printing (7.2.2-8) stable; urgency=low

  * Build for patch 2013-07-10

 -- Marcus Klein <marcus.klein@open-xchange.com>  Thu, 11 Jul 2013 10:18:58 +0200

open-xchange-calendar-printing (7.2.2-7) stable; urgency=low

  * Third candidate for 7.2.2 release

 -- Marcus Klein <marcus.klein@open-xchange.com>  Mon, 01 Jul 2013 16:16:54 +0200

open-xchange-calendar-printing (7.2.2-6) stable; urgency=low

  * Second candidate for 7.2.2 release

 -- Marcus Klein <marcus.klein@open-xchange.com>  Fri, 28 Jun 2013 13:31:52 +0200

open-xchange-calendar-printing (7.2.2-5) stable; urgency=low

  * Release candidate for 7.2.2 release

 -- Marcus Klein <marcus.klein@open-xchange.com>  Wed, 26 Jun 2013 18:54:43 +0200

open-xchange-calendar-printing (7.2.2-4) UNRELEASED; urgency=low

  * Second feature freeze for 7.2.2 release

 -- Marcus Klein <marcus.klein@open-xchange.com>  Fri, 21 Jun 2013 16:14:56 +0200

open-xchange-calendar-printing (7.2.2-3) UNRELEASED; urgency=low

  * Feature freeze for 7.2.2 release

 -- Marcus Klein <marcus.klein@open-xchange.com>  Mon, 17 Jun 2013 08:36:36 +0200

open-xchange-calendar-printing (7.2.2-2) UNRELEASED; urgency=low

  * First sprint increment for 7.2.2 release

 -- Marcus Klein <marcus.klein@open-xchange.com>  Mon, 03 Jun 2013 12:36:15 +0200

open-xchange-calendar-printing (7.2.2-1) UNRELEASED; urgency=low

  * First candidate for 7.2.2 release

 -- Marcus Klein <marcus.klein@open-xchange.com>  Wed, 29 May 2013 16:38:00 +0200

open-xchange-calendar-printing (7.2.2-0) UNRELEASED; urgency=low

  * prepare for 7.2.2

 -- Marcus Klein <marcus.klein@open-xchange.com>  Mon, 27 May 2013 17:14:02 +0200

open-xchange-calendar-printing (7.2.1-7) stable; urgency=low

  * Build for patch 2013-07-18

 -- Marcus Klein <marcus.klein@open-xchange.com>  Fri, 12 Jul 2013 18:12:52 +0200

open-xchange-calendar-printing (7.2.1-6) stable; urgency=low

  * Build for patch 2013-06-27

 -- Marcus Klein <marcus.klein@open-xchange.com>  Wed, 03 Jul 2013 16:58:09 +0200

open-xchange-calendar-printing (7.2.1-5) UNRELEASED; urgency=low

  * Build for patch 2013-06-11

 -- Marcus Klein <marcus.klein@open-xchange.com>  Mon, 10 Jun 2013 15:31:11 +0200

open-xchange-calendar-printing (7.2.1-4) UNRELEASED; urgency=low

  * Build for patch 2013-06-20

 -- Marcus Klein <marcus.klein@open-xchange.com>  Fri, 07 Jun 2013 15:36:22 +0200

open-xchange-calendar-printing (7.2.1-3) UNRELEASED; urgency=low

  * Third candidate for 7.2.1 release

 -- Marcus Klein <marcus.klein@open-xchange.com>  Thu, 23 May 2013 11:57:56 +0200

open-xchange-calendar-printing (7.2.1-2) UNRELEASED; urgency=low

  * Second candidate for 7.2.1 release

 -- Marcus Klein <marcus.klein@open-xchange.com>  Wed, 15 May 2013 16:48:22 +0200

open-xchange-calendar-printing (7.2.1-1) UNRELEASED; urgency=low

  * First candidate for 7.2.1 release

 -- Marcus Klein <marcus.klein@open-xchange.com>  Mon, 22 Apr 2013 11:17:13 +0200

open-xchange-calendar-printing (7.2.1-0) UNRELEASED; urgency=low

  * prepare for 7.2.1

 -- Marcus Klein <marcus.klein@open-xchange.com>  Mon, 15 Apr 2013 10:22:13 +0200

open-xchange-calendar-printing (7.2.0-10) UNRELEASED; urgency=low

  * Build for patch 2013-07-18

 -- Marcus Klein <marcus.klein@open-xchange.com>  Mon, 15 Jul 2013 09:37:26 +0200

open-xchange-calendar-printing (7.2.0-9) UNRELEASED; urgency=low

  * Build for patch 2013-05-22

 -- Marcus Klein <marcus.klein@open-xchange.com>  Wed, 22 May 2013 14:43:58 +0200

open-xchange-calendar-printing (7.2.0-8) UNRELEASED; urgency=low

  * Build for patch 2013-05-10

 -- Marcus Klein <marcus.klein@open-xchange.com>  Wed, 15 May 2013 08:54:18 +0200

open-xchange-calendar-printing (7.2.0-7) UNRELEASED; urgency=low

  * Build for patch 2013-05-09

 -- Marcus Klein <marcus.klein@open-xchange.com>  Mon, 13 May 2013 15:24:52 +0200

open-xchange-calendar-printing (7.2.0-6) UNRELEASED; urgency=low

  * Build for patch 2013-04-23

 -- Marcus Klein <marcus.klein@open-xchange.com>  Fri, 03 May 2013 09:53:40 +0200

open-xchange-calendar-printing (7.2.0-5) UNRELEASED; urgency=low

  * Build for patch 2013-04-12

 -- Marcus Klein <marcus.klein@open-xchange.com>  Fri, 12 Apr 2013 15:27:22 +0200

open-xchange-calendar-printing (7.2.0-4) UNRELEASED; urgency=low

  * Fourth candidate for 7.2.0 release

 -- Marcus Klein <marcus.klein@open-xchange.com>  Wed, 10 Apr 2013 17:31:01 +0200

open-xchange-calendar-printing (7.2.0-3) UNRELEASED; urgency=low

  * Third candidate for 7.2.0 release

 -- Marcus Klein <marcus.klein@open-xchange.com>  Tue, 09 Apr 2013 10:24:35 +0200

open-xchange-calendar-printing (7.2.0-2) UNRELEASED; urgency=low

  * Second candidate for 7.2.0 release

 -- Marcus Klein <marcus.klein@open-xchange.com>  Tue, 02 Apr 2013 15:06:45 +0200

open-xchange-calendar-printing (7.2.0-1) UNRELEASED; urgency=low

  * First release candidate for 7.2.0

 -- Marcus Klein <marcus.klein@open-xchange.com>  Tue, 26 Mar 2013 10:12:03 +0100

open-xchange-calendar-printing (7.2.0-0) UNRELEASED; urgency=low

  * prepare for 7.2.0

 -- Marcus Klein <marcus.klein@open-xchange.com>  Fri, 15 Mar 2013 13:32:46 +0100

open-xchange-calendar-printing (7.0.2-14) stable; urgency=low

  * Build for patch 2013-09-12

 -- Marcus Klein <marcus.klein@open-xchange.com>  Wed, 11 Sep 2013 15:04:54 +0200

open-xchange-calendar-printing (7.0.2-13) stable; urgency=low

  * Build for patch 2013-08-22

 -- Marcus Klein <marcus.klein@open-xchange.com>  Thu, 22 Aug 2013 14:10:57 +0200

open-xchange-calendar-printing (7.0.2-12) unstable; urgency=low

  * Second build for patch  2013-07-18

 -- Marcus Klein <marcus.klein@open-xchange.com>  Mon, 15 Jul 2013 10:00:12 +0200

open-xchange-calendar-printing (7.0.2-11) unstable; urgency=low

  * Second build for patch 2013-05-28

 -- Marcus Klein <marcus.klein@open-xchange.com>  Tue, 28 May 2013 14:32:14 +0200

open-xchange-calendar-printing (7.0.2-10) unstable; urgency=low

  * Build for patch 2013-05-22

 -- Marcus Klein <marcus.klein@open-xchange.com>  Wed, 22 May 2013 12:34:30 +0200

open-xchange-calendar-printing (7.0.2-9) unstable; urgency=low

  * Build for patch 2013-05-09

 -- Marcus Klein <marcus.klein@open-xchange.com>  Mon, 13 May 2013 14:45:03 +0200

open-xchange-calendar-printing (7.0.2-8) unstable; urgency=low

  * Build for patch 2013-04-17

 -- Marcus Klein <marcus.klein@open-xchange.com>  Tue, 30 Apr 2013 12:39:21 +0200

open-xchange-calendar-printing (7.0.2-7) unstable; urgency=low

  * Build for patch 2013-04-04

 -- Marcus Klein <marcus.klein@open-xchange.com>  Tue, 02 Apr 2013 10:39:04 +0200

open-xchange-calendar-printing (7.0.2-6) unstable; urgency=low

  * Sixth release candidate for 6.22.2/7.0.2

 -- Marcus Klein <marcus.klein@open-xchange.com>  Tue, 12 Mar 2013 11:26:00 +0100

open-xchange-calendar-printing (7.0.2-5) unstable; urgency=low

  * Fifth release candidate for 6.22.2/7.0.2

 -- Marcus Klein <marcus.klein@open-xchange.com>  Mon, 11 Mar 2013 14:20:20 +0100

open-xchange-calendar-printing (7.0.2-4) unstable; urgency=low

  * Fourth release candidate for 6.22.2/7.0.2

 -- Marcus Klein <marcus.klein@open-xchange.com>  Fri, 08 Mar 2013 14:35:34 +0100

open-xchange-calendar-printing (7.0.2-3) unstable; urgency=low

  * Third release candidate for 6.22.2/7.0.2

 -- Marcus Klein <marcus.klein@open-xchange.com>  Fri, 08 Mar 2013 08:51:06 +0100

open-xchange-calendar-printing (7.0.2-2) unstable; urgency=low

  * Second release candidate for 6.22.2/7.0.2

 -- Marcus Klein <marcus.klein@open-xchange.com>  Thu, 07 Mar 2013 14:24:24 +0100

open-xchange-calendar-printing (7.0.2-1) unstable; urgency=low

  * First release candidate for 6.22.2/7.0.2

 -- Marcus Klein <marcus.klein@open-xchange.com>  Wed, 27 Feb 2013 16:06:33 +0100

open-xchange-calendar-printing (7.0.2-0) unstable; urgency=low

  * prepare for 7.0.2 release

 -- Marcus Klein <marcus.klein@open-xchange.com>  Tue, 19 Feb 2013 08:54:25 +0100

open-xchange-calendar-printing (7.0.1-8) unstable; urgency=low

  * Build for patch 2013-05-22

 -- Marcus Klein <marcus.klein@open-xchange.com>  Wed, 22 May 2013 12:09:04 +0200

open-xchange-calendar-printing (7.0.1-7) unstable; urgency=low

  * Build for patch 2013-05-09

 -- Marcus Klein <marcus.klein@open-xchange.com>  Mon, 13 May 2013 14:25:56 +0200

open-xchange-calendar-printing (7.0.1-6) unstable; urgency=low

  * Build for patch 2013-04-04

 -- Marcus Klein <marcus.klein@open-xchange.com>  Tue, 02 Apr 2013 09:53:11 +0200

open-xchange-calendar-printing (7.0.1-5) unstable; urgency=low

  * Build for patch 2013-03-07

 -- Marcus Klein <marcus.klein@open-xchange.com>  Mon, 04 Mar 2013 15:23:05 +0100

open-xchange-calendar-printing (7.0.1-4) unstable; urgency=low

  * Fourth release candidate for 7.0.1

 -- Marcus Klein <marcus.klein@open-xchange.com>  Tue, 19 Feb 2013 16:52:20 +0100

open-xchange-calendar-printing (7.0.1-3) unstable; urgency=low

  * Third release candidate for 7.0.1

 -- Marcus Klein <marcus.klein@open-xchange.com>  Tue, 19 Feb 2013 09:21:24 +0100

open-xchange-calendar-printing (7.0.1-2) unstable; urgency=low

  * Second release candidate for 7.0.1

 -- Marcus Klein <marcus.klein@open-xchange.com>  Thu, 14 Feb 2013 13:54:26 +0100

open-xchange-calendar-printing (7.0.1-1) unstable; urgency=low

  * First release candidate for 7.0.1

 -- Marcus Klein <marcus.klein@open-xchange.com>  Fri, 01 Feb 2013 14:56:09 +0100

open-xchange-calendar-printing (7.0.1-0) unstable; urgency=low

  * prepare for 7.0.1

 -- Marcus Klein <marcus.klein@open-xchange.com>  Thu, 10 Jan 2013 10:10:14 +0100

open-xchange-calendar-printing (7.0.0-5) unstable; urgency=low

  * Build for patch 2013-01-23

 -- Marcus Klein <marcus.klein@open-xchange.com>  Tue, 15 Jan 2013 14:55:16 +0100

open-xchange-calendar-printing (7.0.0-4) unstable; urgency=low

  * Build for public patch 2012-12-21

 -- Marcus Klein <marcus.klein@open-xchange.com>  Fri, 21 Dec 2012 13:55:00 +0100

open-xchange-calendar-printing (7.0.0-3) unstable; urgency=low

  * Third release candidate for 7.0.0

 -- Marcus Klein <marcus.klein@open-xchange.com>  Tue, 18 Dec 2012 14:14:31 +0100

open-xchange-calendar-printing (7.0.0-2) unstable; urgency=low

  * Second release candidate for 7.0.0

 -- Marcus Klein <marcus.klein@open-xchange.com>  Mon, 17 Dec 2012 17:35:57 +0100

open-xchange-calendar-printing (7.0.0-1) unstable; urgency=low

  * First release candidate for 7.0.0

 -- Marcus Klein <marcus.klein@open-xchange.com>  Tue, 04 Dec 2012 13:47:49 +0100

open-xchange-calendar-printing (7.0.0-0) unstable; urgency=low

  * prepare for 7.0.0 release

 -- Marcus Klein <marcus.klein@open-xchange.com>  Tue, 04 Dec 2012 09:28:24 +0100

open-xchange-calendar-printing (6.23.0-5) unstable; urgency=low

  * First release candidate for EDP drop #6

 -- Marcus Klein <marcus.klein@open-xchange.com>  Tue, 13 Nov 2012 11:22:03 +0100

open-xchange-calendar-printing (6.23.0-4) unstable; urgency=low

  * Third release build for EDP drop #5

 -- Marcus Klein <marcus.klein@open-xchange.com>  Fri, 26 Oct 2012 15:58:45 +0200

open-xchange-calendar-printing (6.23.0-3) unstable; urgency=low

  * Second release build for EDP drop #5

 -- Marcus Klein <marcus.klein@open-xchange.com>  Fri, 26 Oct 2012 11:58:27 +0200

open-xchange-calendar-printing (6.23.0-2) unstable; urgency=low

  * Release build for EDP drop #5

 -- Marcus Klein <marcus.klein@open-xchange.com>  Thu, 11 Oct 2012 21:55:50 +0200

open-xchange-calendar-printing (6.23.0-1) unstable; urgency=low

  * First release candidate for 6.23.0

 -- Marcus Klein <marcus.klein@open-xchange.com>  Tue, 04 Sep 2012 12:21:23 +0200

open-xchange-calendar-printing (6.23.0-0) unstable; urgency=low

  * prepare for next EDP drop

 -- Marcus Klein <marcus.klein@open-xchange.com>  Mon, 03 Sep 2012 13:46:10 +0200

open-xchange-calendar-printing (6.22.1-15) unstable; urgency=low

  * Build for patch 2013-05-09

 -- Marcus Klein <marcus.klein@open-xchange.com>  Mon, 13 May 2013 11:46:43 +0200

open-xchange-calendar-printing (6.22.1-14) unstable; urgency=low

  * Build for patch 2013-04-04

 -- Marcus Klein <marcus.klein@open-xchange.com>  Tue, 02 Apr 2013 09:09:59 +0200

open-xchange-calendar-printing (6.22.1-13) unstable; urgency=low

  * Build for patch 2013-03-07

 -- Marcus Klein <marcus.klein@open-xchange.com>  Fri, 01 Mar 2013 15:23:13 +0100

open-xchange-calendar-printing (6.22.1-12) unstable; urgency=low

  * Build for patch 2013-02-22

 -- Marcus Klein <marcus.klein@open-xchange.com>  Mon, 25 Feb 2013 16:54:46 +0100

open-xchange-calendar-printing (6.22.1-11) unstable; urgency=low

  * Build for patch 2013-02-13

 -- Marcus Klein <marcus.klein@open-xchange.com>  Fri, 15 Feb 2013 09:04:22 +0100

open-xchange-calendar-printing (6.22.1-10) unstable; urgency=low

  * Build for patch 2013-01-28

 -- Marcus Klein <marcus.klein@open-xchange.com>  Tue, 29 Jan 2013 12:08:49 +0100

open-xchange-calendar-printing (6.22.1-9) unstable; urgency=low

  * Build for public patch 2012-12-31

 -- Marcus Klein <marcus.klein@open-xchange.com>  Fri, 28 Dec 2012 11:01:57 +0100

open-xchange-calendar-printing (6.22.1-8) unstable; urgency=low

  * Build for public patch 2012-12-04

 -- Marcus Klein <marcus.klein@open-xchange.com>  Wed, 12 Dec 2012 18:22:07 +0100

open-xchange-calendar-printing (6.22.1-7) unstable; urgency=low

  * Build for patch 2012-11-28

 -- Marcus Klein <marcus.klein@open-xchange.com>  Mon, 26 Nov 2012 13:25:25 +0100

open-xchange-calendar-printing (6.22.1-6) unstable; urgency=low

  * Sixth release candidate for 6.22.1

 -- Marcus Klein <marcus.klein@open-xchange.com>  Wed, 14 Nov 2012 14:06:45 +0100

open-xchange-calendar-printing (6.22.1-5) unstable; urgency=low

  * Fifth release candidate for 6.22.1

 -- Marcus Klein <marcus.klein@open-xchange.com>  Tue, 13 Nov 2012 13:59:28 +0100

open-xchange-calendar-printing (6.22.1-4) unstable; urgency=low

  * Fourth release candidate for 6.22.1

 -- Marcus Klein <marcus.klein@open-xchange.com>  Tue, 06 Nov 2012 12:22:34 +0100

open-xchange-calendar-printing (6.22.1-3) unstable; urgency=low

  * Third release candidate for 6.22.1

 -- Marcus Klein <marcus.klein@open-xchange.com>  Fri, 02 Nov 2012 10:44:48 +0100

open-xchange-calendar-printing (6.22.1-2) unstable; urgency=low

  * Second release candidate for 6.22.1

 -- Marcus Klein <marcus.klein@open-xchange.com>  Wed, 31 Oct 2012 16:16:12 +0100

open-xchange-calendar-printing (6.22.1-1) unstable; urgency=low

  * First release candidate for 6.22.1

 -- Marcus Klein <marcus.klein@open-xchange.com>  Fri, 26 Oct 2012 14:58:41 +0200

open-xchange-calendar-printing (6.22.1-0) unstable; urgency=low

  * prepare for 6.22.1

 -- Marcus Klein <marcus.klein@open-xchange.com>  Fri, 26 Oct 2012 10:03:33 +0200

open-xchange-calendar-printing (6.22.0-13) stable; urgency=low

  * Build for patch 2013-09-03

 -- Marcus Klein <marcus.klein@open-xchange.com>  Wed, 28 Aug 2013 17:08:32 +0200

open-xchange-calendar-printing (6.22.0-12) unstable; urgency=low

  * Build for patch 2013-06-13

 -- Marcus Klein <marcus.klein@open-xchange.com>  Tue, 11 Jun 2013 09:46:32 +0200

open-xchange-calendar-printing (6.22.0-11) unstable; urgency=low

  * Build for patch 2013-05-09

 -- Marcus Klein <marcus.klein@open-xchange.com>  Mon, 13 May 2013 14:05:41 +0200

open-xchange-calendar-printing (6.22.0-10) unstable; urgency=low

  * Build for patch 2013-04-04

 -- Marcus Klein <marcus.klein@open-xchange.com>  Tue, 02 Apr 2013 11:07:07 +0200

open-xchange-calendar-printing (6.22.0-9) unstable; urgency=low

  * Build for patch 2013-03-08

 -- Marcus Klein <marcus.klein@open-xchange.com>  Mon, 04 Mar 2013 12:03:08 +0100

open-xchange-calendar-printing (6.22.0-8) unstable; urgency=low

  * Build for patch 2013-02-22

 -- Marcus Klein <marcus.klein@open-xchange.com>  Tue, 26 Feb 2013 09:54:05 +0100

open-xchange-calendar-printing (6.22.0-7) unstable; urgency=low

  * Build for patch 2013-01-24

 -- Marcus Klein <marcus.klein@open-xchange.com>  Mon, 21 Jan 2013 15:31:52 +0100

open-xchange-calendar-printing (6.22.0-6) unstable; urgency=low

  * Build for public patch 2013-01-15

 -- Marcus Klein <marcus.klein@open-xchange.com>  Thu, 03 Jan 2013 16:58:24 +0100

open-xchange-calendar-printing (6.22.0-5) unstable; urgency=low

  * Fifth release candidate for 6.22.0

 -- Marcus Klein <marcus.klein@open-xchange.com>  Wed, 10 Oct 2012 11:24:00 +0200

open-xchange-calendar-printing (6.22.0-4) unstable; urgency=low

  * Fourth release candidate for 6.22.0

 -- Marcus Klein <marcus.klein@open-xchange.com>  Tue, 09 Oct 2012 15:16:22 +0200

open-xchange-calendar-printing (6.22.0-3) unstable; urgency=low

  * Third release candidate for 6.22.0

 -- Marcus Klein <marcus.klein@open-xchange.com>  Fri, 05 Oct 2012 15:03:38 +0200

open-xchange-calendar-printing (6.22.0-2) unstable; urgency=low

  * Second release candidate for 6.22.0

 -- Marcus Klein <marcus.klein@open-xchange.com>  Thu, 04 Oct 2012 18:55:08 +0200

open-xchange-calendar-printing (6.22.0-1) unstable; urgency=low

  * First release candidate for 6.22.0

 -- Marcus Klein <marcus.klein@open-xchange.com>  Tue, 21 Aug 2012 09:19:26 +0200

open-xchange-calendar-printing (6.22.0-0) unstable; urgency=low

  * prepare for 6.22.0

 -- Marcus Klein <marcus.klein@open-xchange.com>  Mon, 20 Aug 2012 16:18:47 +0200

open-xchange-calendar-printing (6.21.0-6) unstable; urgency=low

  * Release build for EDP drop #2

 -- Marcus Klein <marcus.klein@open-xchange.com>  Tue, 03 Jul 2012 18:44:13 +0200

open-xchange-calendar-printing (6.21.0-5) unstable; urgency=low

  * Release build for EDP drop #2

 -- Marcus Klein <marcus.klein@open-xchange.com>  Mon, 04 Jun 2012 12:59:17 +0200

open-xchange-calendar-printing (6.21.0-4) unstable; urgency=low

  * Internal release build for EDP drop #2

 -- Marcus Klein <marcus.klein@open-xchange.com>  Tue, 22 May 2012 16:03:17 +0200

open-xchange-calendar-printing (6.21.0-3) unstable; urgency=low

  * Internal release build for EDP drop #1

 -- Marcus Klein <marcus.klein@open-xchange.com>  Mon, 16 Apr 2012 15:53:38 +0200

open-xchange-calendar-printing (6.21.0-2) unstable; urgency=low

  * Internal release build for EDP drop #0

 -- Marcus Klein <marcus.klein@open-xchange.com>  Wed, 04 Apr 2012 15:50:45 +0200

open-xchange-calendar-printing (6.21.0-1) unstable; urgency=low

  * Initial release

 -- Marcus Klein <marcus.klein@open-xchange.com>  Fri, 10 Feb 2012 17:36:28 +0100
